datetime,MAC Address,SSID,Signal Strength
03/12/2025 11:58:24,D0:4D:C6:F2:A2:B0,eduroam,-94
03/12/2025 11:58:24,D0:4D:C6:F2:BC:50,eduroam,-87
03/12/2025 11:58:24,1C:28:AF:62:B8:B0,eduroam,-85
03/12/2025 11:58:24,D0:4D:C6:F2:B9:B0,eduroam,-85
03/12/2025 11:58:24,1C:28:AF:62:B8:A0,eduroam,-79
03/12/2025 11:58:24,D0:4D:C6:F2:F4:B0,eduroam,-70
03/12/2025 11:58:24,D0:4D:C6:F2:FE:10,eduroam,-92
03/12/2025 11:58:24,D0:4D:C6:F2:F4:A0,eduroam,-74
03/12/2025 11:58:29,D0:4D:C6:F2:A2:B0,eduroam,-94
03/12/2025 11:58:29,D0:4D:C6:F2:FE:10,eduroam,-92
03/12/2025 11:58:29,D0:4D:C6:F2:BC:50,eduroam,-86
03/12/2025 11:58:29,D0:4D:C6:F2:B9:B0,eduroam,-85
03/12/2025 11:58:29,1C:28:AF:62:B8:B0,eduroam,-84
03/12/2025 11:58:29,1C:28:AF:62:B8:A0,eduroam,-79
03/12/2025 11:58:29,D0:4D:C6:F2:B9:A0,eduroam,-79
03/12/2025 11:58:29,D0:4D:C6:F2:F4:A0,eduroam,-76
03/12/2025 11:58:29,D0:4D:C6:F2:F4:B0,eduroam,-69
03/12/2025 11:58:29,D0:4D:C6:F2:BF:50,eduroam,-91
03/12/2025 11:58:34,D0:4D:C6:F2:A2:B0,eduroam,-94
03/12/2025 11:58:34,D0:4D:C6:F2:FE:10,eduroam,-92
03/12/2025 11:58:34,D0:4D:C6:F2:B9:B0,eduroam,-86
03/12/2025 11:58:34,D0:4D:C6:F2:BC:50,eduroam,-86
03/12/2025 11:58:34,1C:28:AF:62:B8:B0,eduroam,-82
03/12/2025 11:58:34,1C:28:AF:62:B8:A0,eduroam,-79
03/12/2025 11:58:34,D0:4D:C6:F2:B9:A0,eduroam,-79
03/12/2025 11:58:34,D0:4D:C6:F2:F4:A0,eduroam,-76
03/12/2025 11:58:34,D0:4D:C6:F2:F4:B0,eduroam,-70
03/12/2025 11:58:34,D0:4D:C6:F2:BF:50,eduroam,-89
03/12/2025 11:58:39,D0:4D:C6:F2:A2:B0,eduroam,-94
03/12/2025 11:58:39,D0:4D:C6:F2:BC:50,eduroam,-94
03/12/2025 11:58:39,D0:4D:C6:F2:D4:D0,eduroam,-94
03/12/2025 11:58:39,D0:4D:C6:F2:BF:50,eduroam,-91
03/12/2025 11:58:39,D0:4D:C6:F2:B9:B0,eduroam,-84
03/12/2025 11:58:39,1C:28:AF:62:B8:B0,eduroam,-83
03/12/2025 11:58:39,1C:28:AF:62:B8:A0,eduroam,-79
03/12/2025 11:58:39,D0:4D:C6:F2:B9:A0,eduroam,-78
03/12/2025 11:58:39,D0:4D:C6:F2:F4:A0,eduroam,-76
03/12/2025 11:58:39,D0:4D:C6:F2:F4:B0,eduroam,-70
03/12/2025 11:58:39,1C:28:AF:5B:FA:30,eduroam,-91
03/12/2025 11:58:39,D0:4D:C6:F2:FE:10,eduroam,-92
03/12/2025 11:58:45,D0:4D:C6:F2:D4:D0,eduroam,-94
03/12/2025 11:58:45,D0:4D:C6:F2:A2:B0,eduroam,-93
03/12/2025 11:58:45,D0:4D:C6:F2:BF:50,eduroam,-91
03/12/2025 11:58:45,D0:4D:C6:F2:B9:B0,eduroam,-88
03/12/2025 11:58:45,D0:4D:C6:F2:BC:50,eduroam,-86
03/12/2025 11:58:45,1C:28:AF:62:B8:B0,eduroam,-83
03/12/2025 11:58:45,D0:4D:C6:F2:B9:A0,eduroam,-81
03/12/2025 11:58:45,1C:28:AF:62:B8:A0,eduroam,-79
03/12/2025 11:58:45,D0:4D:C6:F2:F4:A0,eduroam,-74
03/12/2025 11:58:45,D0:4D:C6:F2:F4:B0,eduroam,-71
03/12/2025 11:58:45,1C:28:AF:5B:FA:30,eduroam,-91
03/12/2025 11:58:50,D0:4D:C6:F2:D4:D0,eduroam,-96
03/12/2025 11:58:50,D0:4D:C6:F2:A2:B0,eduroam,-92
03/12/2025 11:58:50,1C:28:AF:5B:FA:30,eduroam,-91
03/12/2025 11:58:50,D0:4D:C6:F2:BF:50,eduroam,-91
03/12/2025 11:58:50,D0:4D:C6:F2:BC:50,eduroam,-86
03/12/2025 11:58:50,D0:4D:C6:F2:B9:B0,eduroam,-84
03/12/2025 11:58:50,1C:28:AF:62:B8:B0,eduroam,-83
03/12/2025 11:58:50,1C:28:AF:62:B8:A0,eduroam,-79
03/12/2025 11:58:50,D0:4D:C6:F2:B9:A0,eduroam,-79
03/12/2025 11:58:50,D0:4D:C6:F2:F4:A0,eduroam,-74
03/12/2025 11:58:50,D0:4D:C6:F2:F4:B0,eduroam,-71
03/12/2025 11:58:50,D0:4D:C6:F2:FE:10,eduroam,-94
03/12/2025 11:58:55,D0:4D:C6:F2:D4:D0,eduroam,-96
03/12/2025 11:58:55,1C:28:AF:5B:FA:30,eduroam,-91
03/12/2025 11:58:55,D0:4D:C6:F2:A2:B0,eduroam,-91
03/12/2025 11:58:55,D0:4D:C6:F2:BF:50,eduroam,-91
03/12/2025 11:58:55,D0:4D:C6:F2:B9:B0,eduroam,-86
03/12/2025 11:58:55,D0:4D:C6:F2:BC:50,eduroam,-86
03/12/2025 11:58:55,1C:28:AF:62:B8:B0,eduroam,-84
03/12/2025 11:58:55,D0:4D:C6:F2:BC:40,eduroam,-80
03/12/2025 11:58:55,D0:4D:C6:F2:B9:A0,eduroam,-79
03/12/2025 11:58:55,D0:4D:C6:F2:F4:A0,eduroam,-74
03/12/2025 11:58:55,D0:4D:C6:F2:F4:B0,eduroam,-70
03/12/2025 11:58:55,D0:4D:C6:F2:FE:10,eduroam,-94
03/12/2025 11:58:55,1C:28:AF:62:B8:A0,eduroam,-79
03/12/2025 11:59:00,D0:4D:C6:F2:D4:D0,eduroam,-96
03/12/2025 11:59:00,1C:28:AF:5B:FA:30,eduroam,-91
03/12/2025 11:59:00,D0:4D:C6:F2:A2:B0,eduroam,-91
03/12/2025 11:59:00,D0:4D:C6:F2:BF:50,eduroam,-91
03/12/2025 11:59:00,D0:4D:C6:F2:BC:50,eduroam,-88
03/12/2025 11:59:00,D0:4D:C6:F2:B9:B0,eduroam,-85
03/12/2025 11:59:00,1C:28:AF:62:B8:B0,eduroam,-82
03/12/2025 11:59:00,D0:4D:C6:F2:BC:40,eduroam,-80
03/12/2025 11:59:00,D0:4D:C6:F2:B9:A0,eduroam,-78
03/12/2025 11:59:00,D0:4D:C6:F2:F4:A0,eduroam,-73
03/12/2025 11:59:00,D0:4D:C6:F2:F4:B0,eduroam,-70
03/12/2025 11:59:00,D0:4D:C6:F2:FE:10,eduroam,-94
03/12/2025 11:59:05,D0:4D:C6:F2:D4:D0,eduroam,-96
03/12/2025 11:59:05,1C:28:AF:5B:FA:30,eduroam,-91
03/12/2025 11:59:05,D0:4D:C6:F2:BF:50,eduroam,-91
03/12/2025 11:59:05,D0:4D:C6:F2:A2:B0,eduroam,-91
03/12/2025 11:59:05,D0:4D:C6:F2:BC:50,eduroam,-88
03/12/2025 11:59:05,D0:4D:C6:F2:B9:B0,eduroam,-86
03/12/2025 11:59:05,1C:28:AF:62:B8:B0,eduroam,-83
03/12/2025 11:59:05,D0:4D:C6:F2:BC:40,eduroam,-79
03/12/2025 11:59:05,D0:4D:C6:F2:B9:A0,eduroam,-78
03/12/2025 11:59:05,D0:4D:C6:F2:F4:A0,eduroam,-74
03/12/2025 11:59:05,D0:4D:C6:F2:F4:B0,eduroam,-70
03/12/2025 11:59:05,D0:4D:C6:F2:FE:10,eduroam,-94
03/12/2025 11:59:10,D0:4D:C6:F2:D4:D0,eduroam,-96
03/12/2025 11:59:10,D0:4D:C6:F2:FE:10,eduroam,-94
03/12/2025 11:59:10,D0:4D:C6:F2:A2:B0,eduroam,-92
03/12/2025 11:59:10,D0:4D:C6:F2:BC:50,eduroam,-88
03/12/2025 11:59:10,D0:4D:C6:F2:B9:B0,eduroam,-87
03/12/2025 11:59:10,1C:28:AF:62:B8:B0,eduroam,-83
03/12/2025 11:59:10,D0:4D:C6:F2:BC:40,eduroam,-79
03/12/2025 11:59:10,D0:4D:C6:F2:B9:A0,eduroam,-78
03/12/2025 11:59:10,D0:4D:C6:F2:F4:A0,eduroam,-72
03/12/2025 11:59:10,D0:4D:C6:F2:F4:B0,eduroam,-69
03/12/2025 11:59:10,1C:28:AF:62:B8:A0,eduroam,-81
03/12/2025 11:59:10,1C:28:AF:5B:FA:30,eduroam,-91
03/12/2025 11:59:10,D0:4D:C6:F2:BF:50,eduroam,-91
03/12/2025 11:59:15,D0:4D:C6:F2:D4:D0,eduroam,-96
03/12/2025 11:59:15,D0:4D:C6:F2:FE:10,eduroam,-94
03/12/2025 11:59:15,D0:4D:C6:F2:A2:B0,eduroam,-92
03/12/2025 11:59:15,D0:4D:C6:F2:B9:B0,eduroam,-86
03/12/2025 11:59:15,D0:4D:C6:F2:BC:50,eduroam,-86
03/12/2025 11:59:15,1C:28:AF:62:B8:B0,eduroam,-81
03/12/2025 11:59:15,D0:4D:C6:F2:BC:40,eduroam,-79
03/12/2025 11:59:15,D0:4D:C6:F2:B9:A0,eduroam,-79
03/12/2025 11:59:15,D0:4D:C6:F2:F4:A0,eduroam,-74
03/12/2025 11:59:15,D0:4D:C6:F2:F4:B0,eduroam,-70
03/12/2025 11:59:15,1C:28:AF:62:B8:A0,eduroam,-79
03/12/2025 11:59:20,D0:4D:C6:F2:A2:B0,eduroam,-91
03/12/2025 11:59:20,D0:4D:C6:F2:B9:B0,eduroam,-86
03/12/2025 11:59:20,D0:4D:C6:F2:BC:50,eduroam,-85
03/12/2025 11:59:20,1C:28:AF:62:B8:B0,eduroam,-82
03/12/2025 11:59:20,D0:4D:C6:F2:BC:40,eduroam,-79
03/12/2025 11:59:20,D0:4D:C6:F2:B9:A0,eduroam,-77
03/12/2025 11:59:20,D0:4D:C6:F2:F4:A0,eduroam,-73
03/12/2025 11:59:20,D0:4D:C6:F2:F4:B0,eduroam,-70
03/12/2025 11:59:20,1C:28:AF:62:B8:A0,eduroam,-79
03/12/2025 11:59:20,D0:4D:C6:F2:D4:D0,eduroam,-96
03/12/2025 11:59:21,D0:4D:C6:F2:FE:10,eduroam,-94
03/12/2025 11:59:26,D0:4D:C6:F2:A2:B0,eduroam,-92
03/12/2025 11:59:26,D0:4D:C6:F2:BC:50,eduroam,-87
03/12/2025 11:59:26,D0:4D:C6:F2:B9:B0,eduroam,-85
03/12/2025 11:59:26,1C:28:AF:62:B8:B0,eduroam,-82
03/12/2025 11:59:26,D0:4D:C6:F2:BC:40,eduroam,-79
03/12/2025 11:59:26,D0:4D:C6:F2:B9:A0,eduroam,-77
03/12/2025 11:59:26,D0:4D:C6:F2:F4:A0,eduroam,-74
03/12/2025 11:59:26,D0:4D:C6:F2:F4:B0,eduroam,-71
03/12/2025 11:59:26,1C:28:AF:62:B8:A0,eduroam,-79
03/12/2025 11:59:31,D0:4D:C6:F2:A2:B0,eduroam,-91
03/12/2025 11:59:31,D0:4D:C6:F2:B9:B0,eduroam,-87
03/12/2025 11:59:31,D0:4D:C6:F2:BC:50,eduroam,-86
03/12/2025 11:59:31,1C:28:AF:62:B8:B0,eduroam,-82
03/12/2025 11:59:31,D0:4D:C6:F2:BC:40,eduroam,-79
03/12/2025 11:59:31,D0:4D:C6:F2:B9:A0,eduroam,-77
03/12/2025 11:59:31,D0:4D:C6:F2:F4:A0,eduroam,-74
03/12/2025 11:59:31,D0:4D:C6:F2:F4:B0,eduroam,-70
03/12/2025 11:59:31,1C:28:AF:62:B8:A0,eduroam,-79
03/12/2025 11:59:36,D0:4D:C6:F2:A2:B0,eduroam,-91
03/12/2025 11:59:36,D0:4D:C6:F2:B9:B0,eduroam,-86
03/12/2025 11:59:36,D0:4D:C6:F2:BC:50,eduroam,-86
03/12/2025 11:59:36,1C:28:AF:62:B8:B0,eduroam,-82
03/12/2025 11:59:36,1C:28:AF:62:B8:A0,eduroam,-79
03/12/2025 11:59:36,D0:4D:C6:F2:BC:40,eduroam,-79
03/12/2025 11:59:36,D0:4D:C6:F2:B9:A0,eduroam,-77
03/12/2025 11:59:36,D0:4D:C6:F2:F4:A0,eduroam,-74
03/12/2025 11:59:36,D0:4D:C6:F2:F4:B0,eduroam,-70
03/12/2025 11:59:36,D0:4D:C6:F2:D4:D0,eduroam,-95
03/12/2025 11:59:41,D0:4D:C6:F2:D4:D0,eduroam,-95
03/12/2025 11:59:41,D0:4D:C6:F2:A2:B0,eduroam,-92
03/12/2025 11:59:41,D0:4D:C6:F2:B9:B0,eduroam,-86
03/12/2025 11:59:41,D0:4D:C6:F2:BC:50,eduroam,-86
03/12/2025 11:59:41,1C:28:AF:62:B8:B0,eduroam,-82
03/12/2025 11:59:41,D0:4D:C6:F2:BC:40,eduroam,-79
03/12/2025 11:59:41,D0:4D:C6:F2:B9:A0,eduroam,-77
03/12/2025 11:59:41,D0:4D:C6:F2:F4:A0,eduroam,-74
03/12/2025 11:59:41,D0:4D:C6:F2:F4:B0,eduroam,-71
03/12/2025 11:59:41,1C:28:AF:62:B8:A0,eduroam,-79
03/12/2025 11:59:46,D0:4D:C6:F2:D4:D0,eduroam,-95
03/12/2025 11:59:46,D0:4D:C6:F2:A2:B0,eduroam,-91
03/12/2025 11:59:46,D0:4D:C6:F2:B9:B0,eduroam,-86
03/12/2025 11:59:46,D0:4D:C6:F2:BC:50,eduroam,-86
03/12/2025 11:59:46,1C:28:AF:62:B8:B0,eduroam,-82
03/12/2025 11:59:46,D0:4D:C6:F2:BC:40,eduroam,-79
03/12/2025 11:59:46,D0:4D:C6:F2:B9:A0,eduroam,-77
03/12/2025 11:59:46,D0:4D:C6:F2:F4:B0,eduroam,-71
03/12/2025 11:59:46,D0:4D:C6:F2:F4:A0,eduroam,-76
03/12/2025 11:59:46,1C:28:AF:62:B8:A0,eduroam,-79
03/12/2025 11:59:51,D0:4D:C6:F2:D4:D0,eduroam,-95
03/12/2025 11:59:51,D0:4D:C6:F2:A2:B0,eduroam,-93
03/12/2025 11:59:51,D0:4D:C6:F2:B9:B0,eduroam,-86
03/12/2025 11:59:51,D0:4D:C6:F2:BC:50,eduroam,-86
03/12/2025 11:59:51,1C:28:AF:62:B8:B0,eduroam,-82
03/12/2025 11:59:51,D0:4D:C6:F2:BC:40,eduroam,-79
03/12/2025 11:59:51,D0:4D:C6:F2:B9:A0,eduroam,-77
03/12/2025 11:59:51,D0:4D:C6:F2:F4:A0,eduroam,-72
03/12/2025 11:59:51,D0:4D:C6:F2:F4:B0,eduroam,-70
03/12/2025 11:59:51,1C:28:AF:62:B8:A0,eduroam,-80
03/12/2025 11:59:56,D0:4D:C6:F2:D4:D0,eduroam,-95
03/12/2025 11:59:56,D0:4D:C6:F2:A2:B0,eduroam,-90
03/12/2025 11:59:56,D0:4D:C6:F2:B9:B0,eduroam,-86
03/12/2025 11:59:56,D0:4D:C6:F2:BC:50,eduroam,-86
03/12/2025 11:59:56,1C:28:AF:62:B8:B0,eduroam,-83
03/12/2025 11:59:56,1C:28:AF:62:B8:A0,eduroam,-80
03/12/2025 11:59:56,D0:4D:C6:F2:BC:40,eduroam,-79
03/12/2025 11:59:56,D0:4D:C6:F2:B9:A0,eduroam,-77
03/12/2025 11:59:56,D0:4D:C6:F2:F4:A0,eduroam,-74
03/12/2025 11:59:56,D0:4D:C6:F2:F4:B0,eduroam,-70
03/12/2025 11:59:56,D0:4D:C6:F2:FE:10,eduroam,-95
03/12/2025 12:00:02,D0:4D:C6:F2:D4:D0,eduroam,-95
03/12/2025 12:00:02,D0:4D:C6:F2:FE:10,eduroam,-95
03/12/2025 12:00:02,D0:4D:C6:F2:A2:B0,eduroam,-91
03/12/2025 12:00:02,D0:4D:C6:F2:BC:50,eduroam,-87
03/12/2025 12:00:02,D0:4D:C6:F2:B9:B0,eduroam,-86
03/12/2025 12:00:02,1C:28:AF:62:B8:B0,eduroam,-82
03/12/2025 12:00:02,D0:4D:C6:F2:BC:40,eduroam,-79
03/12/2025 12:00:02,D0:4D:C6:F2:B9:A0,eduroam,-78
03/12/2025 12:00:02,D0:4D:C6:F2:F4:A0,eduroam,-73
03/12/2025 12:00:02,D0:4D:C6:F2:F4:B0,eduroam,-71
03/12/2025 12:00:02,1C:28:AF:62:B8:A0,eduroam,-80
03/12/2025 12:00:07,D0:4D:C6:F2:FE:10,eduroam,-92
03/12/2025 12:00:07,D0:4D:C6:F2:A2:B0,eduroam,-91
03/12/2025 12:00:07,D0:4D:C6:F2:B9:B0,eduroam,-88
03/12/2025 12:00:07,D0:4D:C6:F2:BC:50,eduroam,-87
03/12/2025 12:00:07,1C:28:AF:62:B8:B0,eduroam,-83
03/12/2025 12:00:07,D0:4D:C6:F2:BC:40,eduroam,-79
03/12/2025 12:00:07,D0:4D:C6:F2:B9:A0,eduroam,-78
03/12/2025 12:00:07,D0:4D:C6:F2:F4:A0,eduroam,-73
03/12/2025 12:00:07,D0:4D:C6:F2:F4:B0,eduroam,-70
03/12/2025 12:00:07,1C:28:AF:62:B8:A0,eduroam,-77
03/12/2025 12:00:07,D0:4D:C6:F2:D4:D0,eduroam,-95
03/12/2025 12:00:12,D0:4D:C6:F2:FE:10,eduroam,-94
03/12/2025 12:00:12,D0:4D:C6:F2:A2:B0,eduroam,-91
03/12/2025 12:00:12,D0:4D:C6:F2:BC:50,eduroam,-87
03/12/2025 12:00:12,D0:4D:C6:F2:B9:B0,eduroam,-86
03/12/2025 12:00:12,1C:28:AF:62:B8:B0,eduroam,-83
03/12/2025 12:00:12,D0:4D:C6:F2:B9:A0,eduroam,-78
03/12/2025 12:00:12,1C:28:AF:62:B8:A0,eduroam,-77
03/12/2025 12:00:12,D0:4D:C6:F2:F4:A0,eduroam,-74
03/12/2025 12:00:12,D0:4D:C6:F2:F4:B0,eduroam,-70
03/12/2025 12:00:12,D0:4D:C6:F2:FE:00,eduroam,-86
03/12/2025 12:00:12,D0:4D:C6:F2:BC:40,eduroam,-79
03/12/2025 12:00:17,D0:4D:C6:F2:FE:10,eduroam,-94
03/12/2025 12:00:17,D0:4D:C6:F2:A2:B0,eduroam,-91
03/12/2025 12:00:17,D0:4D:C6:F2:BC:50,eduroam,-87
03/12/2025 12:00:17,D0:4D:C6:F2:B9:B0,eduroam,-86
03/12/2025 12:00:17,1C:28:AF:62:B8:B0,eduroam,-83
03/12/2025 12:00:17,D0:4D:C6:F2:B9:A0,eduroam,-79
03/12/2025 12:00:17,1C:28:AF:62:B8:A0,eduroam,-77
03/12/2025 12:00:17,D0:4D:C6:F2:F4:A0,eduroam,-74
03/12/2025 12:00:17,D0:4D:C6:F2:F4:B0,eduroam,-71
03/12/2025 12:00:17,D0:4D:C6:F2:FE:00,eduroam,-86
03/12/2025 12:00:22,D0:4D:C6:F2:FE:10,eduroam,-94
03/12/2025 12:00:22,D0:4D:C6:F2:A2:B0,eduroam,-91
03/12/2025 12:00:22,D0:4D:C6:F2:BC:50,eduroam,-86
03/12/2025 12:00:22,D0:4D:C6:F2:B9:B0,eduroam,-86
03/12/2025 12:00:22,1C:28:AF:62:B8:B0,eduroam,-83
03/12/2025 12:00:22,D0:4D:C6:F2:B9:A0,eduroam,-79
03/12/2025 12:00:22,1C:28:AF:62:B8:A0,eduroam,-77
03/12/2025 12:00:22,D0:4D:C6:F2:F4:A0,eduroam,-75
03/12/2025 12:00:22,D0:4D:C6:F2:F4:B0,eduroam,-72
03/12/2025 12:00:22,D0:4D:C6:F2:FE:00,eduroam,-86
03/12/2025 12:00:27,D0:4D:C6:F2:FE:10,eduroam,-94
03/12/2025 12:00:27,D0:4D:C6:F2:A2:B0,eduroam,-92
03/12/2025 12:00:27,D0:4D:C6:F2:B9:B0,eduroam,-87
03/12/2025 12:00:27,D0:4D:C6:F2:BC:50,eduroam,-86
03/12/2025 12:00:27,1C:28:AF:62:B8:B0,eduroam,-83
03/12/2025 12:00:27,D0:4D:C6:F2:B9:A0,eduroam,-79
03/12/2025 12:00:27,1C:28:AF:62:B8:A0,eduroam,-77
03/12/2025 12:00:27,D0:4D:C6:F2:F4:A0,eduroam,-74
03/12/2025 12:00:27,D0:4D:C6:F2:F4:B0,eduroam,-73
03/12/2025 12:00:27,D0:4D:C6:F2:FE:00,eduroam,-86
03/12/2025 12:00:32,D0:4D:C6:F2:FE:10,eduroam,-94
03/12/2025 12:00:32,D0:4D:C6:F2:A2:B0,eduroam,-92
03/12/2025 12:00:32,D0:4D:C6:F2:B9:B0,eduroam,-87
03/12/2025 12:00:32,D0:4D:C6:F2:BC:50,eduroam,-87
03/12/2025 12:00:32,D0:4D:C6:F2:FE:00,eduroam,-86
03/12/2025 12:00:32,1C:28:AF:62:B8:B0,eduroam,-83
03/12/2025 12:00:32,D0:4D:C6:F2:B9:A0,eduroam,-79
03/12/2025 12:00:32,1C:28:AF:62:B8:A0,eduroam,-77
03/12/2025 12:00:32,D0:4D:C6:F2:F4:A0,eduroam,-74
03/12/2025 12:00:32,D0:4D:C6:F2:F4:B0,eduroam,-70
03/12/2025 12:00:32,D0:4D:C6:F2:D9:50,eduroam,-91
03/12/2025 12:00:37,D0:4D:C6:F2:D4:D0,eduroam,-95
03/12/2025 12:00:37,D0:4D:C6:F2:FE:10,eduroam,-94
03/12/2025 12:00:37,D0:4D:C6:F2:D9:50,eduroam,-91
03/12/2025 12:00:37,D0:4D:C6:F2:B9:B0,eduroam,-87
03/12/2025 12:00:37,D0:4D:C6:F2:BC:50,eduroam,-86
03/12/2025 12:00:37,1C:28:AF:62:B8:B0,eduroam,-82
03/12/2025 12:00:37,D0:4D:C6:F2:B9:A0,eduroam,-78
03/12/2025 12:00:37,D0:4D:C6:F2:F4:A0,eduroam,-75
03/12/2025 12:00:37,D0:4D:C6:F2:A2:B0,eduroam,-72
03/12/2025 12:00:37,D0:4D:C6:F2:F4:B0,eduroam,-71
03/12/2025 12:00:37,D0:4D:C6:F2:FE:00,eduroam,-86
03/12/2025 12:00:37,1C:28:AF:62:B8:A0,eduroam,-77
03/12/2025 12:00:43,D0:4D:C6:F2:A2:B0,eduroam,-92
03/12/2025 12:00:43,D0:4D:C6:F2:FE:10,eduroam,-92
03/12/2025 12:00:43,D0:4D:C6:F2:D9:50,eduroam,-91
03/12/2025 12:00:43,D0:4D:C6:F2:BC:50,eduroam,-87
03/12/2025 12:00:43,D0:4D:C6:F2:B9:B0,eduroam,-86
03/12/2025 12:00:43,1C:28:AF:62:B8:B0,eduroam,-82
03/12/2025 12:00:43,D0:4D:C6:F2:B9:A0,eduroam,-80
03/12/2025 12:00:43,D0:4D:C6:F2:F4:A0,eduroam,-75
03/12/2025 12:00:43,D0:4D:C6:F2:F4:B0,eduroam,-70
03/12/2025 12:00:43,D0:4D:C6:F2:D4:D0,eduroam,-95
03/12/2025 12:00:43,D0:4D:C6:F2:FE:00,eduroam,-86
03/12/2025 12:00:48,D0:4D:C6:F2:FE:10,eduroam,-94
03/12/2025 12:00:48,D0:4D:C6:F2:A2:B0,eduroam,-92
03/12/2025 12:00:48,D0:4D:C6:F2:D9:50,eduroam,-91
03/12/2025 12:00:48,D0:4D:C6:F2:BC:50,eduroam,-87
03/12/2025 12:00:48,D0:4D:C6:F2:B9:B0,eduroam,-87
03/12/2025 12:00:48,1C:28:AF:62:B8:B0,eduroam,-82
03/12/2025 12:00:48,D0:4D:C6:F2:B9:A0,eduroam,-80
03/12/2025 12:00:48,D0:4D:C6:F2:F4:A0,eduroam,-74
03/12/2025 12:00:48,D0:4D:C6:F2:F4:B0,eduroam,-70
03/12/2025 12:00:48,D0:4D:C6:F2:D4:D0,eduroam,-95
03/12/2025 12:00:53,D0:4D:C6:F2:FE:10,eduroam,-93
03/12/2025 12:00:53,D0:4D:C6:F2:A2:B0,eduroam,-92
03/12/2025 12:00:53,D0:4D:C6:F2:D9:50,eduroam,-91
03/12/2025 12:00:53,D0:4D:C6:F2:BC:50,eduroam,-87
03/12/2025 12:00:53,D0:4D:C6:F2:B9:B0,eduroam,-87
03/12/2025 12:00:53,1C:28:AF:62:B8:B0,eduroam,-83
03/12/2025 12:00:53,D0:4D:C6:F2:B9:A0,eduroam,-81
03/12/2025 12:00:53,D0:4D:C6:F2:F4:A0,eduroam,-74
03/12/2025 12:00:53,D0:4D:C6:F2:F4:B0,eduroam,-71
03/12/2025 12:00:53,D0:4D:C6:F2:D4:D0,eduroam,-95
03/12/2025 12:00:58,D0:4D:C6:F2:FE:10,eduroam,-94
03/12/2025 12:00:58,D0:4D:C6:F2:A2:B0,eduroam,-92
03/12/2025 12:00:58,D0:4D:C6:F2:D9:50,eduroam,-91
03/12/2025 12:00:58,D0:4D:C6:F2:B9:B0,eduroam,-85
03/12/2025 12:00:58,D0:4D:C6:F2:BC:50,eduroam,-85
03/12/2025 12:00:58,1C:28:AF:62:B8:B0,eduroam,-84
03/12/2025 12:00:58,D0:4D:C6:F2:B9:A0,eduroam,-79
03/12/2025 12:00:58,1C:28:AF:62:B8:A0,eduroam,-79
03/12/2025 12:00:58,D0:4D:C6:F2:F4:A0,eduroam,-74
03/12/2025 12:00:58,D0:4D:C6:F2:F4:B0,eduroam,-70
03/12/2025 12:00:58,D0:4D:C6:F2:D4:D0,eduroam,-95
03/12/2025 12:01:03,D0:4D:C6:F2:D4:D0,eduroam,-95
03/12/2025 12:01:03,D0:4D:C6:F2:A2:B0,eduroam,-94
03/12/2025 12:01:03,D0:4D:C6:F2:FE:10,eduroam,-92
03/12/2025 12:01:03,D0:4D:C6:F2:B9:B0,eduroam,-88
03/12/2025 12:01:03,D0:4D:C6:F2:BC:50,eduroam,-87
03/12/2025 12:01:03,D0:4D:C6:F2:BD:C0,eduroam,-86
03/12/2025 12:01:03,1C:28:AF:62:B8:B0,eduroam,-82
03/12/2025 12:01:03,1C:28:AF:62:B8:A0,eduroam,-80
03/12/2025 12:01:03,D0:4D:C6:F2:B9:A0,eduroam,-79
03/12/2025 12:01:03,D0:4D:C6:F2:F4:A0,eduroam,-75
03/12/2025 12:01:03,D0:4D:C6:F2:F4:B0,eduroam,-70
03/12/2025 12:01:03,D0:4D:C6:F2:BC:40,eduroam,-80
03/12/2025 12:01:03,D0:4D:C6:F2:D9:50,eduroam,-91
03/12/2025 12:01:08,D0:4D:C6:F2:A2:B0,eduroam,-94
03/12/2025 12:01:08,D0:4D:C6:F2:FE:10,eduroam,-92
03/12/2025 12:01:08,D0:4D:C6:F2:BC:50,eduroam,-87
03/12/2025 12:01:08,D0:4D:C6:F2:B9:B0,eduroam,-86
03/12/2025 12:01:08,D0:4D:C6:F2:BD:C0,eduroam,-86
03/12/2025 12:01:08,1C:28:AF:62:B8:B0,eduroam,-82
03/12/2025 12:01:08,1C:28:AF:62:B8:A0,eduroam,-80
03/12/2025 12:01:08,D0:4D:C6:F2:B9:A0,eduroam,-78
03/12/2025 12:01:08,D0:4D:C6:F2:F4:A0,eduroam,-74
03/12/2025 12:01:08,D0:4D:C6:F2:F4:B0,eduroam,-70
03/12/2025 12:01:08,D0:4D:C6:F2:BC:40,eduroam,-80
03/12/2025 12:01:08,D0:4D:C6:F2:D4:D0,eduroam,-95
03/12/2025 12:01:13,D0:4D:C6:F2:FE:10,eduroam,-92
03/12/2025 12:01:13,D0:4D:C6:F2:A2:B0,eduroam,-92
03/12/2025 12:01:13,D0:4D:C6:F2:BC:50,eduroam,-87
03/12/2025 12:01:13,D0:4D:C6:F2:B9:B0,eduroam,-86
03/12/2025 12:01:13,D0:4D:C6:F2:BD:C0,eduroam,-86
03/12/2025 12:01:13,1C:28:AF:62:B8:B0,eduroam,-82
03/12/2025 12:01:13,1C:28:AF:62:B8:A0,eduroam,-80
03/12/2025 12:01:13,D0:4D:C6:F2:B9:A0,eduroam,-78
03/12/2025 12:01:13,D0:4D:C6:F2:F4:A0,eduroam,-73
03/12/2025 12:01:13,D0:4D:C6:F2:F4:B0,eduroam,-71
03/12/2025 12:01:13,D0:4D:C6:F2:BC:40,eduroam,-80
03/12/2025 12:01:18,D0:4D:C6:F2:FE:10,eduroam,-92
03/12/2025 12:01:18,D0:4D:C6:F2:A2:B0,eduroam,-91
03/12/2025 12:01:18,D0:4D:C6:F2:B9:B0,eduroam,-87
03/12/2025 12:01:18,D0:4D:C6:F2:BC:50,eduroam,-87
03/12/2025 12:01:18,D0:4D:C6:F2:BD:C0,eduroam,-86
03/12/2025 12:01:18,1C:28:AF:62:B8:B0,eduroam,-83
03/12/2025 12:01:18,1C:28:AF:62:B8:A0,eduroam,-80
03/12/2025 12:01:18,D0:4D:C6:F2:B9:A0,eduroam,-78
03/12/2025 12:01:18,D0:4D:C6:F2:F4:A0,eduroam,-73
03/12/2025 12:01:18,D0:4D:C6:F2:F4:B0,eduroam,-71
03/12/2025 12:01:18,D0:4D:C6:F2:BC:40,eduroam,-79
03/12/2025 12:01:24,D0:4D:C6:F2:FE:10,eduroam,-92
03/12/2025 12:01:24,D0:4D:C6:F2:A2:B0,eduroam,-91
03/12/2025 12:01:24,D0:4D:C6:F2:BC:50,eduroam,-88
03/12/2025 12:01:24,D0:4D:C6:F2:B9:B0,eduroam,-86
03/12/2025 12:01:24,D0:4D:C6:F2:BD:C0,eduroam,-86
03/12/2025 12:01:24,1C:28:AF:62:B8:B0,eduroam,-82
03/12/2025 12:01:24,1C:28:AF:62:B8:A0,eduroam,-80
03/12/2025 12:01:24,D0:4D:C6:F2:BC:40,eduroam,-79
03/12/2025 12:01:24,D0:4D:C6:F2:B9:A0,eduroam,-78
03/12/2025 12:01:24,D0:4D:C6:F2:F4:A0,eduroam,-74
03/12/2025 12:01:24,D0:4D:C6:F2:F4:B0,eduroam,-70
03/12/2025 12:01:24,D0:4D:C6:F2:FE:00,eduroam,-86
03/12/2025 12:01:29,D0:4D:C6:F2:A2:B0,eduroam,-92
03/12/2025 12:01:29,D0:4D:C6:F2:FE:10,eduroam,-92
03/12/2025 12:01:29,D0:4D:C6:F2:BC:50,eduroam,-88
03/12/2025 12:01:29,D0:4D:C6:F2:B9:B0,eduroam,-87
03/12/2025 12:01:29,D0:4D:C6:F2:BD:C0,eduroam,-86
03/12/2025 12:01:29,1C:28:AF:62:B8:B0,eduroam,-84
03/12/2025 12:01:29,D0:4D:C6:F2:BC:40,eduroam,-79
03/12/2025 12:01:29,1C:28:AF:62:B8:A0,eduroam,-79
03/12/2025 12:01:29,D0:4D:C6:F2:B9:A0,eduroam,-78
03/12/2025 12:01:29,D0:4D:C6:F2:F4:A0,eduroam,-74
03/12/2025 12:01:29,D0:4D:C6:F2:F4:B0,eduroam,-70
03/12/2025 12:01:29,D0:4D:C6:F2:FE:00,eduroam,-86
03/12/2025 12:01:34,D0:4D:C6:F2:A2:B0,eduroam,-91
03/12/2025 12:01:34,D0:4D:C6:F2:B9:B0,eduroam,-88
03/12/2025 12:01:34,D0:4D:C6:F2:BC:50,eduroam,-88
03/12/2025 12:01:34,D0:4D:C6:F2:FE:00,eduroam,-86
03/12/2025 12:01:34,D0:4D:C6:F2:BD:C0,eduroam,-86
03/12/2025 12:01:34,1C:28:AF:62:B8:B0,eduroam,-84
03/12/2025 12:01:34,1C:28:AF:62:B8:A0,eduroam,-80
03/12/2025 12:01:34,D0:4D:C6:F2:B9:A0,eduroam,-79
03/12/2025 12:01:34,D0:4D:C6:F2:F4:A0,eduroam,-75
03/12/2025 12:01:34,D0:4D:C6:F2:F4:B0,eduroam,-70
03/12/2025 12:01:34,D0:4D:C6:F2:BC:40,eduroam,-79
03/12/2025 12:01:34,D0:4D:C6:F2:FE:10,eduroam,-92
03/12/2025 12:01:39,D0:4D:C6:F2:A2:B0,eduroam,-92
03/12/2025 12:01:39,D0:4D:C6:F2:B9:B0,eduroam,-88
03/12/2025 12:01:39,D0:4D:C6:F2:BD:C0,eduroam,-86
03/12/2025 12:01:39,D0:4D:C6:F2:BC:50,eduroam,-86
03/12/2025 12:01:39,1C:28:AF:62:B8:B0,eduroam,-82
03/12/2025 12:01:39,1C:28:AF:62:B8:A0,eduroam,-81
03/12/2025 12:01:39,D0:4D:C6:F2:BC:40,eduroam,-79
03/12/2025 12:01:39,D0:4D:C6:F2:B9:A0,eduroam,-78
03/12/2025 12:01:39,D0:4D:C6:F2:F4:A0,eduroam,-73
03/12/2025 12:01:39,D0:4D:C6:F2:F4:B0,eduroam,-70
03/12/2025 12:01:39,D0:4D:C6:F2:FE:00,eduroam,-86
03/12/2025 12:01:44,D0:4D:C6:F2:A2:B0,eduroam,-91
03/12/2025 12:01:44,D0:4D:C6:F2:BC:50,eduroam,-87
03/12/2025 12:01:44,D0:4D:C6:F2:B9:B0,eduroam,-87
03/12/2025 12:01:44,D0:4D:C6:F2:FE:00,eduroam,-86
03/12/2025 12:01:44,1C:28:AF:62:B8:B0,eduroam,-82
03/12/2025 12:01:44,1C:28:AF:62:B8:A0,eduroam,-81
03/12/2025 12:01:44,D0:4D:C6:F2:BC:40,eduroam,-79
03/12/2025 12:01:44,D0:4D:C6:F2:B9:A0,eduroam,-78
03/12/2025 12:01:44,D0:4D:C6:F2:F4:A0,eduroam,-74
03/12/2025 12:01:44,D0:4D:C6:F2:F4:B0,eduroam,-70
03/12/2025 12:01:44,D0:4D:C6:F2:BD:C0,eduroam,-86
03/12/2025 12:01:49,D0:4D:C6:F2:A2:B0,eduroam,-92
03/12/2025 12:01:49,D0:4D:C6:F2:BC:50,eduroam,-87
03/12/2025 12:01:49,D0:4D:C6:F2:BD:C0,eduroam,-86
03/12/2025 12:01:49,D0:4D:C6:F2:B9:B0,eduroam,-86
03/12/2025 12:01:49,D0:4D:C6:F2:FE:00,eduroam,-86
03/12/2025 12:01:49,1C:28:AF:62:B8:B0,eduroam,-82
03/12/2025 12:01:49,1C:28:AF:62:B8:A0,eduroam,-81
03/12/2025 12:01:49,D0:4D:C6:F2:B9:A0,eduroam,-79
03/12/2025 12:01:49,D0:4D:C6:F2:BC:40,eduroam,-77
03/12/2025 12:01:49,D0:4D:C6:F2:F4:A0,eduroam,-73
03/12/2025 12:01:49,D0:4D:C6:F2:F4:B0,eduroam,-70
03/12/2025 12:01:49,D0:4D:C6:F2:FE:10,eduroam,-92
03/12/2025 12:01:54,D0:4D:C6:F2:FE:10,eduroam,-92
03/12/2025 12:01:54,D0:4D:C6:F2:A2:B0,eduroam,-92
03/12/2025 12:01:54,D0:4D:C6:F2:B9:B0,eduroam,-87
03/12/2025 12:01:54,D0:4D:C6:F2:BC:50,eduroam,-86
03/12/2025 12:01:54,1C:28:AF:62:B8:B0,eduroam,-82
03/12/2025 12:01:54,1C:28:AF:62:B8:A0,eduroam,-81
03/12/2025 12:01:54,D0:4D:C6:F2:B9:A0,eduroam,-78
03/12/2025 12:01:54,D0:4D:C6:F2:BC:40,eduroam,-77
03/12/2025 12:01:54,D0:4D:C6:F2:F4:B0,eduroam,-70
03/12/2025 12:01:54,D0:4D:C6:F2:F4:A0,eduroam,-74
03/12/2025 12:01:54,D0:4D:C6:F2:BD:C0,eduroam,-86
03/12/2025 12:01:54,D0:4D:C6:F2:FE:00,eduroam,-86
03/12/2025 12:01:59,D0:4D:C6:F2:FE:10,eduroam,-92
03/12/2025 12:01:59,D0:4D:C6:F2:A2:B0,eduroam,-91
03/12/2025 12:01:59,D0:4D:C6:F2:BC:50,eduroam,-88
03/12/2025 12:01:59,D0:4D:C6:F2:B9:B0,eduroam,-87
03/12/2025 12:01:59,1C:28:AF:62:B8:B0,eduroam,-82
03/12/2025 12:01:59,1C:28:AF:62:B8:A0,eduroam,-81
03/12/2025 12:01:59,D0:4D:C6:F2:B9:A0,eduroam,-78
03/12/2025 12:01:59,D0:4D:C6:F2:BC:40,eduroam,-77
03/12/2025 12:01:59,D0:4D:C6:F2:F4:B0,eduroam,-70
03/12/2025 12:01:59,D0:4D:C6:F2:F4:A0,eduroam,-73
03/12/2025 12:02:05,D0:4D:C6:F2:FE:10,eduroam,-92
03/12/2025 12:02:05,D0:4D:C6:F2:A2:B0,eduroam,-91
03/12/2025 12:02:05,D0:4D:C6:F2:BC:50,eduroam,-87
03/12/2025 12:02:05,D0:4D:C6:F2:B9:B0,eduroam,-85
03/12/2025 12:02:05,1C:28:AF:62:B8:B0,eduroam,-82
03/12/2025 12:02:05,1C:28:AF:62:B8:A0,eduroam,-81
03/12/2025 12:02:05,D0:4D:C6:F2:B9:A0,eduroam,-78
03/12/2025 12:02:05,D0:4D:C6:F2:BC:40,eduroam,-77
03/12/2025 12:02:05,D0:4D:C6:F2:F4:B0,eduroam,-70
03/12/2025 12:02:05,D0:4D:C6:F2:F4:A0,eduroam,-75
03/12/2025 12:02:10,D0:4D:C6:F2:FE:10,eduroam,-92
03/12/2025 12:02:10,D0:4D:C6:F2:A2:B0,eduroam,-91
03/12/2025 12:02:10,D0:4D:C6:F2:BC:50,eduroam,-87
03/12/2025 12:02:10,1C:28:AF:62:B8:B0,eduroam,-84
03/12/2025 12:02:10,D0:4D:C6:F2:BC:40,eduroam,-83
03/12/2025 12:02:10,D0:4D:C6:F2:B9:B0,eduroam,-83
03/12/2025 12:02:10,1C:28:AF:62:B8:A0,eduroam,-80
03/12/2025 12:02:10,D0:4D:C6:F2:B9:A0,eduroam,-78
03/12/2025 12:02:10,D0:4D:C6:F2:F4:B0,eduroam,-69
03/12/2025 12:02:10,D0:4D:C6:F2:F4:A0,eduroam,-75
03/12/2025 12:02:15,D0:4D:C6:F2:FE:10,eduroam,-92
03/12/2025 12:02:15,D0:4D:C6:F2:A2:B0,eduroam,-91
03/12/2025 12:02:15,D0:4D:C6:F2:BC:50,eduroam,-89
03/12/2025 12:02:15,D0:4D:C6:F2:BC:40,eduroam,-83
03/12/2025 12:02:15,1C:28:AF:62:B8:B0,eduroam,-82
03/12/2025 12:02:15,D0:4D:C6:F2:B9:B0,eduroam,-82
03/12/2025 12:02:15,1C:28:AF:62:B8:A0,eduroam,-80
03/12/2025 12:02:15,D0:4D:C6:F2:B9:A0,eduroam,-78
03/12/2025 12:02:15,D0:4D:C6:F2:F4:B0,eduroam,-68
03/12/2025 12:02:15,D0:4D:C6:F2:F4:A0,eduroam,-73
03/12/2025 12:02:20,D0:4D:C6:F2:BC:50,eduroam,-92
03/12/2025 12:02:20,D0:4D:C6:F2:A2:B0,eduroam,-91
03/12/2025 12:02:20,1C:28:AF:62:B8:B0,eduroam,-86
03/12/2025 12:02:20,D0:4D:C6:F2:BC:40,eduroam,-83
03/12/2025 12:02:20,1C:28:AF:62:B8:A0,eduroam,-80
03/12/2025 12:02:20,D0:4D:C6:F2:B9:A0,eduroam,-78
03/12/2025 12:02:20,D0:4D:C6:F2:B9:B0,eduroam,-71
03/12/2025 12:02:20,D0:4D:C6:F2:F4:B0,eduroam,-71
03/12/2025 12:02:20,D0:4D:C6:F2:F4:A0,eduroam,-75
03/12/2025 12:02:20,D0:4D:C6:F2:FE:10,eduroam,-92
03/12/2025 12:02:25,D0:4D:C6:F2:BC:50,eduroam,-92
03/12/2025 12:02:25,D0:4D:C6:F2:A2:B0,eduroam,-91
03/12/2025 12:02:25,1C:28:AF:62:B8:B0,eduroam,-87
03/12/2025 12:02:25,D0:4D:C6:F2:B9:B0,eduroam,-85
03/12/2025 12:02:25,D0:4D:C6:F2:BC:40,eduroam,-83
03/12/2025 12:02:25,1C:28:AF:62:B8:A0,eduroam,-80
03/12/2025 12:02:25,D0:4D:C6:F2:F4:B0,eduroam,-68
03/12/2025 12:02:25,D0:4D:C6:F2:F4:A0,eduroam,-75
03/12/2025 12:02:25,D0:4D:C6:F2:B9:A0,eduroam,-78
03/12/2025 12:02:30,D0:4D:C6:F2:BC:50,eduroam,-92
03/12/2025 12:02:30,D0:4D:C6:F2:B9:B0,eduroam,-84
03/12/2025 12:02:30,D0:4D:C6:F2:BC:40,eduroam,-83
03/12/2025 12:02:30,D0:4D:C6:F2:B9:A0,eduroam,-81
03/12/2025 12:02:30,1C:28:AF:62:B8:A0,eduroam,-80
03/12/2025 12:02:30,D0:4D:C6:F2:F4:A0,eduroam,-73
03/12/2025 12:02:30,D0:4D:C6:F2:F4:B0,eduroam,-70
03/12/2025 12:02:30,1C:28:AF:62:B8:B0,eduroam,-89
03/12/2025 12:02:30,D0:4D:C6:F2:A2:B0,eduroam,-91
03/12/2025 12:02:35,D0:4D:C6:F2:BC:50,eduroam,-92
03/12/2025 12:02:35,D0:4D:C6:F2:B9:B0,eduroam,-84
03/12/2025 12:02:35,D0:4D:C6:F2:BC:40,eduroam,-83
03/12/2025 12:02:35,D0:4D:C6:F2:B9:A0,eduroam,-81
03/12/2025 12:02:35,1C:28:AF:62:B8:A0,eduroam,-80
03/12/2025 12:02:35,D0:4D:C6:F2:F4:A0,eduroam,-73
03/12/2025 12:02:35,D0:4D:C6:F2:F4:B0,eduroam,-70
03/12/2025 12:02:35,1C:28:AF:62:B8:B0,eduroam,-87
03/12/2025 12:02:41,D0:4D:C6:F2:BC:50,eduroam,-92
03/12/2025 12:02:41,D0:4D:C6:F2:B9:B0,eduroam,-84
03/12/2025 12:02:41,D0:4D:C6:F2:B9:A0,eduroam,-81
03/12/2025 12:02:41,D0:4D:C6:F2:F4:A0,eduroam,-73
03/12/2025 12:02:41,D0:4D:C6:F2:F4:B0,eduroam,-69
03/12/2025 12:02:41,1C:28:AF:62:B8:B0,eduroam,-86
03/12/2025 12:02:41,D0:4D:C6:F2:BC:40,eduroam,-83
03/12/2025 12:02:41,1C:28:AF:62:B8:A0,eduroam,-80
03/12/2025 12:02:46,D0:4D:C6:F2:B9:B0,eduroam,-86
03/12/2025 12:02:46,D0:4D:C6:F2:BC:50,eduroam,-86
03/12/2025 12:02:46,1C:28:AF:62:B8:B0,eduroam,-86
03/12/2025 12:02:46,1C:28:AF:62:B8:A0,eduroam,-82
03/12/2025 12:02:46,D0:4D:C6:F2:B9:A0,eduroam,-81
03/12/2025 12:02:46,D0:4D:C6:F2:F4:A0,eduroam,-74
03/12/2025 12:02:46,D0:4D:C6:F2:F4:B0,eduroam,-70
03/12/2025 12:02:46,D0:4D:C6:F2:A2:B0,eduroam,-89
03/12/2025 12:02:51,D0:4D:C6:F2:BC:50,eduroam,-90
03/12/2025 12:02:51,1C:28:AF:62:B8:B0,eduroam,-86
03/12/2025 12:02:51,D0:4D:C6:F2:B9:B0,eduroam,-83
03/12/2025 12:02:51,D0:4D:C6:F2:B9:A0,eduroam,-81
03/12/2025 12:02:51,1C:28:AF:62:B8:A0,eduroam,-80
03/12/2025 12:02:51,D0:4D:C6:F2:F4:A0,eduroam,-74
03/12/2025 12:02:51,D0:4D:C6:F2:F4:B0,eduroam,-71
03/12/2025 12:02:51,D0:4D:C6:F2:A2:B0,eduroam,-92
03/12/2025 12:02:56,D0:4D:C6:F2:D9:50,eduroam,-91
03/12/2025 12:02:56,D0:4D:C6:F2:BC:50,eduroam,-88
03/12/2025 12:02:56,1C:28:AF:62:B8:B0,eduroam,-86
03/12/2025 12:02:56,D0:4D:C6:F2:B9:B0,eduroam,-83
03/12/2025 12:02:56,1C:28:AF:62:B8:A0,eduroam,-80
03/12/2025 12:02:56,D0:4D:C6:F2:B9:A0,eduroam,-79
03/12/2025 12:02:56,D0:4D:C6:F2:F4:A0,eduroam,-75
03/12/2025 12:02:56,D0:4D:C6:F2:F4:B0,eduroam,-69
03/12/2025 12:02:56,D0:4D:C6:F2:A2:B0,eduroam,-89
03/12/2025 12:03:01,D0:4D:C6:F2:D9:50,eduroam,-91
03/12/2025 12:03:01,D0:4D:C6:F2:A2:B0,eduroam,-89
03/12/2025 12:03:01,D0:4D:C6:F2:BC:50,eduroam,-86
03/12/2025 12:03:01,D0:4D:C6:F2:B9:B0,eduroam,-85
03/12/2025 12:03:01,1C:28:AF:62:B8:B0,eduroam,-85
03/12/2025 12:03:01,D0:4D:C6:F2:B9:A0,eduroam,-80
03/12/2025 12:03:01,1C:28:AF:62:B8:A0,eduroam,-80
03/12/2025 12:03:01,D0:4D:C6:F2:F4:A0,eduroam,-72
03/12/2025 12:03:01,D0:4D:C6:F2:F4:B0,eduroam,-69
03/12/2025 12:03:01,D0:4D:C6:F2:BC:40,eduroam,-79
03/12/2025 12:03:06,D0:4D:C6:F2:D9:50,eduroam,-91
03/12/2025 12:03:06,D0:4D:C6:F2:A2:B0,eduroam,-89
03/12/2025 12:03:06,D0:4D:C6:F2:B9:B0,eduroam,-88
03/12/2025 12:03:06,D0:4D:C6:F2:BC:50,eduroam,-86
03/12/2025 12:03:06,D0:4D:C6:F2:FE:00,eduroam,-85
03/12/2025 12:03:06,1C:28:AF:62:B8:B0,eduroam,-85
03/12/2025 12:03:06,1C:28:AF:62:B8:A0,eduroam,-80
03/12/2025 12:03:06,D0:4D:C6:F2:BC:40,eduroam,-79
03/12/2025 12:03:06,D0:4D:C6:F2:B9:A0,eduroam,-76
03/12/2025 12:03:06,D0:4D:C6:F2:F4:A0,eduroam,-74
03/12/2025 12:03:06,D0:4D:C6:F2:F4:B0,eduroam,-70
03/12/2025 12:03:06,D0:4D:C6:F2:FE:10,eduroam,-94
03/12/2025 12:03:11,D0:4D:C6:F2:D9:50,eduroam,-91
03/12/2025 12:03:11,D0:4D:C6:F2:A2:B0,eduroam,-91
03/12/2025 12:03:11,D0:4D:C6:F2:B9:B0,eduroam,-89
03/12/2025 12:03:11,D0:4D:C6:F2:BC:50,eduroam,-86
03/12/2025 12:03:11,D0:4D:C6:F2:FE:00,eduroam,-85
03/12/2025 12:03:11,1C:28:AF:62:B8:B0,eduroam,-85
03/12/2025 12:03:11,1C:28:AF:62:B8:A0,eduroam,-82
03/12/2025 12:03:11,D0:4D:C6:F2:BC:40,eduroam,-79
03/12/2025 12:03:11,D0:4D:C6:F2:B9:A0,eduroam,-79
03/12/2025 12:03:11,D0:4D:C6:F2:F4:A0,eduroam,-74
03/12/2025 12:03:11,D0:4D:C6:F2:F4:B0,eduroam,-71
03/12/2025 12:03:11,D0:4D:C6:F2:FE:10,eduroam,-94
03/12/2025 12:03:16,D0:4D:C6:F2:D9:50,eduroam,-91
03/12/2025 12:03:16,D0:4D:C6:F2:A2:B0,eduroam,-90
03/12/2025 12:03:16,D0:4D:C6:F2:B9:B0,eduroam,-88
03/12/2025 12:03:16,D0:4D:C6:F2:BC:50,eduroam,-86
03/12/2025 12:03:16,D0:4D:C6:F2:FE:00,eduroam,-85
03/12/2025 12:03:16,1C:28:AF:62:B8:B0,eduroam,-83
03/12/2025 12:03:16,1C:28:AF:62:B8:A0,eduroam,-82
03/12/2025 12:03:16,D0:4D:C6:F2:B9:A0,eduroam,-81
03/12/2025 12:03:16,D0:4D:C6:F2:BC:40,eduroam,-79
03/12/2025 12:03:16,D0:4D:C6:F2:F4:A0,eduroam,-74
03/12/2025 12:03:16,D0:4D:C6:F2:F4:B0,eduroam,-71
03/12/2025 12:03:16,D0:4D:C6:F2:FE:10,eduroam,-94
03/12/2025 12:03:22,D0:4D:C6:F2:A2:B0,eduroam,-91
03/12/2025 12:03:22,D0:4D:C6:F2:D9:50,eduroam,-91
03/12/2025 12:03:22,D0:4D:C6:F2:B9:B0,eduroam,-88
03/12/2025 12:03:22,D0:4D:C6:F2:BC:50,eduroam,-88
03/12/2025 12:03:22,D0:4D:C6:F2:FE:00,eduroam,-85
03/12/2025 12:03:22,1C:28:AF:62:B8:A0,eduroam,-82
03/12/2025 12:03:22,1C:28:AF:62:B8:B0,eduroam,-82
03/12/2025 12:03:22,D0:4D:C6:F2:B9:A0,eduroam,-81
03/12/2025 12:03:22,D0:4D:C6:F2:BC:40,eduroam,-79
03/12/2025 12:03:22,D0:4D:C6:F2:F4:A0,eduroam,-72
03/12/2025 12:03:22,D0:4D:C6:F2:F4:B0,eduroam,-71
03/12/2025 12:03:22,D0:4D:C6:F2:FE:10,eduroam,-94
03/12/2025 12:03:27,D0:4D:C6:F2:A2:B0,eduroam,-92
03/12/2025 12:03:27,D0:4D:C6:F2:B9:B0,eduroam,-88
03/12/2025 12:03:27,D0:4D:C6:F2:BC:50,eduroam,-87
03/12/2025 12:03:27,D0:4D:C6:F2:FE:00,eduroam,-85
03/12/2025 12:03:27,1C:28:AF:62:B8:A0,eduroam,-82
03/12/2025 12:03:27,1C:28:AF:62:B8:B0,eduroam,-82
03/12/2025 12:03:27,D0:4D:C6:F2:B9:A0,eduroam,-81
03/12/2025 12:03:27,D0:4D:C6:F2:BC:40,eduroam,-79
03/12/2025 12:03:27,D0:4D:C6:F2:F4:A0,eduroam,-74
03/12/2025 12:03:27,D0:4D:C6:F2:F4:B0,eduroam,-72
03/12/2025 12:03:27,D0:4D:C6:F2:FE:10,eduroam,-94
03/12/2025 12:03:27,D0:4D:C6:F2:D9:50,eduroam,-91
03/12/2025 12:03:32,D0:4D:C6:F2:A2:B0,eduroam,-90
03/12/2025 12:03:32,D0:4D:C6:F2:B9:B0,eduroam,-88
03/12/2025 12:03:32,D0:4D:C6:F2:BC:50,eduroam,-86
03/12/2025 12:03:32,D0:4D:C6:F2:FE:00,eduroam,-85
03/12/2025 12:03:32,1C:28:AF:62:B8:B0,eduroam,-83
03/12/2025 12:03:32,1C:28:AF:62:B8:A0,eduroam,-82
03/12/2025 12:03:32,D0:4D:C6:F2:B9:A0,eduroam,-81
03/12/2025 12:03:32,D0:4D:C6:F2:F4:A0,eduroam,-74
03/12/2025 12:03:32,D0:4D:C6:F2:F4:B0,eduroam,-69
03/12/2025 12:03:32,D0:4D:C6:F2:FE:10,eduroam,-94
03/12/2025 12:03:32,D0:4D:C6:F2:BC:40,eduroam,-79
03/12/2025 12:03:37,D0:4D:C6:F2:A2:B0,eduroam,-91
03/12/2025 12:03:37,D0:4D:C6:F2:BC:50,eduroam,-87
03/12/2025 12:03:37,1C:28:AF:62:B8:B0,eduroam,-83
03/12/2025 12:03:37,1C:28:AF:62:B8:A0,eduroam,-82
03/12/2025 12:03:37,D0:4D:C6:F2:B9:A0,eduroam,-81
03/12/2025 12:03:37,D0:4D:C6:F2:B9:B0,eduroam,-81
03/12/2025 12:03:37,D0:4D:C6:F2:F4:A0,eduroam,-74
03/12/2025 12:03:37,D0:4D:C6:F2:F4:B0,eduroam,-71
03/12/2025 12:03:37,D0:4D:C6:F2:FE:10,eduroam,-94
03/12/2025 12:03:37,D0:4D:C6:F2:FE:00,eduroam,-85
03/12/2025 12:03:42,D0:4D:C6:F2:FE:10,eduroam,-94
03/12/2025 12:03:42,D0:4D:C6:F2:A2:B0,eduroam,-92
03/12/2025 12:03:42,D0:4D:C6:F2:B9:B0,eduroam,-87
03/12/2025 12:03:42,D0:4D:C6:F2:BC:50,eduroam,-86
03/12/2025 12:03:42,1C:28:AF:62:B8:B0,eduroam,-83
03/12/2025 12:03:42,D0:4D:C6:F2:B9:A0,eduroam,-79
03/12/2025 12:03:42,D0:4D:C6:F2:F4:A0,eduroam,-73
03/12/2025 12:03:42,D0:4D:C6:F2:F4:B0,eduroam,-71
03/12/2025 12:03:42,D0:4D:C6:F2:BC:40,eduroam,-79
03/12/2025 12:03:42,1C:28:AF:62:B8:A0,eduroam,-82
03/12/2025 12:03:47,D0:4D:C6:F2:FE:10,eduroam,-94
03/12/2025 12:03:47,D0:4D:C6:F2:A2:B0,eduroam,-91
03/12/2025 12:03:47,D0:4D:C6:F2:B9:B0,eduroam,-87
03/12/2025 12:03:47,D0:4D:C6:F2:BC:50,eduroam,-86
03/12/2025 12:03:47,1C:28:AF:62:B8:B0,eduroam,-83
03/12/2025 12:03:47,D0:4D:C6:F2:B9:A0,eduroam,-78
03/12/2025 12:03:47,D0:4D:C6:F2:F4:A0,eduroam,-73
03/12/2025 12:03:47,D0:4D:C6:F2:F4:B0,eduroam,-71
03/12/2025 12:03:47,D0:4D:C6:F2:BC:40,eduroam,-79
03/12/2025 12:03:52,D0:4D:C6:F2:FE:10,eduroam,-94
03/12/2025 12:03:52,D0:4D:C6:F2:A2:B0,eduroam,-92
03/12/2025 12:03:52,D0:4D:C6:F2:B9:B0,eduroam,-87
03/12/2025 12:03:52,D0:4D:C6:F2:BC:50,eduroam,-87
03/12/2025 12:03:52,1C:28:AF:62:B8:B0,eduroam,-82
03/12/2025 12:03:52,D0:4D:C6:F2:B9:A0,eduroam,-78
03/12/2025 12:03:52,D0:4D:C6:F2:F4:A0,eduroam,-73
03/12/2025 12:03:52,D0:4D:C6:F2:F4:B0,eduroam,-71
03/12/2025 12:03:52,D0:4D:C6:F2:BC:40,eduroam,-78
03/12/2025 12:03:57,D0:4D:C6:F2:FE:10,eduroam,-92
03/12/2025 12:03:57,D0:4D:C6:F2:A2:B0,eduroam,-92
03/12/2025 12:03:57,D0:4D:C6:F2:B9:B0,eduroam,-87
03/12/2025 12:03:57,D0:4D:C6:F2:BC:50,eduroam,-86
03/12/2025 12:03:57,1C:28:AF:62:B8:B0,eduroam,-85
03/12/2025 12:03:57,D0:4D:C6:F2:B9:A0,eduroam,-76
03/12/2025 12:03:57,D0:4D:C6:F2:F4:A0,eduroam,-73
03/12/2025 12:03:57,D0:4D:C6:F2:F4:B0,eduroam,-71
03/12/2025 12:03:57,D0:4D:C6:F2:BC:40,eduroam,-78
03/12/2025 12:04:02,D0:4D:C6:F2:FE:10,eduroam,-92
03/12/2025 12:04:02,D0:4D:C6:F2:A2:B0,eduroam,-90
03/12/2025 12:04:02,D0:4D:C6:F2:BC:50,eduroam,-86
03/12/2025 12:04:02,D0:4D:C6:F2:B9:B0,eduroam,-85
03/12/2025 12:04:02,1C:28:AF:62:B8:B0,eduroam,-85
03/12/2025 12:04:02,D0:4D:C6:F2:B9:A0,eduroam,-76
03/12/2025 12:04:02,D0:4D:C6:F2:F4:A0,eduroam,-76
03/12/2025 12:04:02,D0:4D:C6:F2:F4:B0,eduroam,-70
03/12/2025 12:04:02,D0:4D:C6:F2:BC:40,eduroam,-78
03/12/2025 12:04:08,D0:4D:C6:F2:A2:B0,eduroam,-91
03/12/2025 12:04:08,D0:4D:C6:F2:B9:B0,eduroam,-86
03/12/2025 12:04:08,D0:4D:C6:F2:BC:50,eduroam,-86
03/12/2025 12:04:08,1C:28:AF:62:B8:B0,eduroam,-85
03/12/2025 12:04:08,D0:4D:C6:F2:BC:40,eduroam,-78
03/12/2025 12:04:08,D0:4D:C6:F2:B9:A0,eduroam,-78
03/12/2025 12:04:08,D0:4D:C6:F2:F4:A0,eduroam,-76
03/12/2025 12:04:08,D0:4D:C6:F2:F4:B0,eduroam,-69
03/12/2025 12:04:08,D0:4D:C6:F2:FE:10,eduroam,-92
03/12/2025 12:04:13,D0:4D:C6:F2:FE:10,eduroam,-92
03/12/2025 12:04:13,D0:4D:C6:F2:D9:50,eduroam,-91
03/12/2025 12:04:13,D0:4D:C6:F2:A2:B0,eduroam,-90
03/12/2025 12:04:13,D0:4D:C6:F2:B9:B0,eduroam,-87
03/12/2025 12:04:13,D0:4D:C6:F2:BC:50,eduroam,-86
03/12/2025 12:04:13,1C:28:AF:62:B8:B0,eduroam,-82
03/12/2025 12:04:13,D0:4D:C6:F2:B9:A0,eduroam,-79
03/12/2025 12:04:13,D0:4D:C6:F2:F4:A0,eduroam,-75
03/12/2025 12:04:13,D0:4D:C6:F2:F4:B0,eduroam,-71
03/12/2025 12:04:13,D0:4D:C6:F2:BC:40,eduroam,-78
03/12/2025 12:04:18,D0:4D:C6:F2:FE:10,eduroam,-92
03/12/2025 12:04:18,D0:4D:C6:F2:D9:50,eduroam,-91
03/12/2025 12:04:18,D0:4D:C6:F2:B9:B0,eduroam,-86
03/12/2025 12:04:18,D0:4D:C6:F2:BC:50,eduroam,-86
03/12/2025 12:04:18,1C:28:AF:62:B8:B0,eduroam,-82
03/12/2025 12:04:18,D0:4D:C6:F2:B9:A0,eduroam,-80
03/12/2025 12:04:18,D0:4D:C6:F2:BC:40,eduroam,-79
03/12/2025 12:04:18,D0:4D:C6:F2:F4:A0,eduroam,-75
03/12/2025 12:04:18,D0:4D:C6:F2:F4:B0,eduroam,-70
03/12/2025 12:04:18,D0:4D:C6:F2:A2:B0,eduroam,-90
03/12/2025 12:04:23,D0:4D:C6:F2:FE:10,eduroam,-92
03/12/2025 12:04:23,D0:4D:C6:F2:D9:50,eduroam,-91
03/12/2025 12:04:23,D0:4D:C6:F2:BC:50,eduroam,-85
03/12/2025 12:04:23,1C:28:AF:62:B8:B0,eduroam,-82
03/12/2025 12:04:23,D0:4D:C6:F2:B9:A0,eduroam,-80
03/12/2025 12:04:23,D0:4D:C6:F2:BC:40,eduroam,-79
03/12/2025 12:04:23,D0:4D:C6:F2:F4:A0,eduroam,-75
03/12/2025 12:04:23,D0:4D:C6:F2:B9:B0,eduroam,-71
03/12/2025 12:04:23,D0:4D:C6:F2:F4:B0,eduroam,-70
03/12/2025 12:04:23,D0:4D:C6:F2:A2:B0,eduroam,-91
03/12/2025 12:04:28,D0:4D:C6:F2:FE:10,eduroam,-92
03/12/2025 12:04:28,D0:4D:C6:F2:D9:50,eduroam,-91
03/12/2025 12:04:28,D0:4D:C6:F2:B9:B0,eduroam,-86
03/12/2025 12:04:28,D0:4D:C6:F2:BC:50,eduroam,-86
03/12/2025 12:04:28,1C:28:AF:62:B8:B0,eduroam,-82
03/12/2025 12:04:28,D0:4D:C6:F2:BC:40,eduroam,-79
03/12/2025 12:04:28,D0:4D:C6:F2:B9:A0,eduroam,-78
03/12/2025 12:04:28,D0:4D:C6:F2:F4:A0,eduroam,-73
03/12/2025 12:04:28,D0:4D:C6:F2:F4:B0,eduroam,-71
03/12/2025 12:04:28,D0:4D:C6:F2:A2:B0,eduroam,-91
03/12/2025 12:04:33,D0:4D:C6:F2:FE:10,eduroam,-93
03/12/2025 12:04:33,D0:4D:C6:F2:D9:50,eduroam,-91
03/12/2025 12:04:33,D0:4D:C6:F2:B9:B0,eduroam,-86
03/12/2025 12:04:33,D0:4D:C6:F2:BC:50,eduroam,-85
03/12/2025 12:04:33,1C:28:AF:62:B8:B0,eduroam,-82
03/12/2025 12:04:33,D0:4D:C6:F2:BC:40,eduroam,-79
03/12/2025 12:04:33,D0:4D:C6:F2:B9:A0,eduroam,-78
03/12/2025 12:04:33,D0:4D:C6:F2:F4:A0,eduroam,-73
03/12/2025 12:04:33,D0:4D:C6:F2:F4:B0,eduroam,-71
03/12/2025 12:04:33,D0:4D:C6:F2:A2:B0,eduroam,-90
03/12/2025 12:04:38,D0:4D:C6:F2:FE:10,eduroam,-92
03/12/2025 12:04:38,D0:4D:C6:F2:D9:50,eduroam,-91
03/12/2025 12:04:38,D0:4D:C6:F2:B9:B0,eduroam,-87
03/12/2025 12:04:38,D0:4D:C6:F2:BC:50,eduroam,-86
03/12/2025 12:04:38,1C:28:AF:62:B8:B0,eduroam,-82
03/12/2025 12:04:38,D0:4D:C6:F2:BC:40,eduroam,-78
03/12/2025 12:04:38,D0:4D:C6:F2:B9:A0,eduroam,-78
03/12/2025 12:04:38,D0:4D:C6:F2:F4:A0,eduroam,-74
03/12/2025 12:04:38,D0:4D:C6:F2:F4:B0,eduroam,-71
03/12/2025 12:04:38,D0:4D:C6:F2:A2:B0,eduroam,-91
03/12/2025 12:04:43,D0:4D:C6:F2:FE:10,eduroam,-92
03/12/2025 12:04:43,D0:4D:C6:F2:B9:B0,eduroam,-86
03/12/2025 12:04:43,D0:4D:C6:F2:BC:50,eduroam,-86
03/12/2025 12:04:43,1C:28:AF:62:B8:B0,eduroam,-84
03/12/2025 12:04:43,D0:4D:C6:F2:BC:40,eduroam,-78
03/12/2025 12:04:43,D0:4D:C6:F2:B9:A0,eduroam,-78
03/12/2025 12:04:43,D0:4D:C6:F2:F4:A0,eduroam,-74
03/12/2025 12:04:43,D0:4D:C6:F2:F4:B0,eduroam,-70
03/12/2025 12:04:43,D0:4D:C6:F2:A2:B0,eduroam,-90
03/12/2025 12:04:43,D0:4D:C6:F2:D9:50,eduroam,-91
03/12/2025 12:04:49,D0:4D:C6:F2:FE:10,eduroam,-92
03/12/2025 12:04:49,D0:4D:C6:F2:B9:B0,eduroam,-85
03/12/2025 12:04:49,D0:4D:C6:F2:BC:50,eduroam,-85
03/12/2025 12:04:49,1C:28:AF:62:B8:B0,eduroam,-84
03/12/2025 12:04:49,D0:4D:C6:F2:BC:40,eduroam,-80
03/12/2025 12:04:49,D0:4D:C6:F2:B9:A0,eduroam,-78
03/12/2025 12:04:49,D0:4D:C6:F2:F4:A0,eduroam,-74
03/12/2025 12:04:49,D0:4D:C6:F2:F4:B0,eduroam,-70
03/12/2025 12:04:49,D0:4D:C6:F2:A2:B0,eduroam,-91
03/12/2025 12:04:54,D0:4D:C6:F2:FE:10,eduroam,-92
03/12/2025 12:04:54,D0:4D:C6:F2:B9:B0,eduroam,-86
03/12/2025 12:04:54,D0:4D:C6:F2:BC:50,eduroam,-86
03/12/2025 12:04:54,1C:28:AF:62:B8:B0,eduroam,-82
03/12/2025 12:04:54,D0:4D:C6:F2:BC:40,eduroam,-80
03/12/2025 12:04:54,D0:4D:C6:F2:B9:A0,eduroam,-78
03/12/2025 12:04:54,D0:4D:C6:F2:F4:A0,eduroam,-75
03/12/2025 12:04:54,D0:4D:C6:F2:F4:B0,eduroam,-70
03/12/2025 12:04:54,D0:4D:C6:F2:A2:B0,eduroam,-91
03/12/2025 12:04:59,D0:4D:C6:F2:FE:10,eduroam,-92
03/12/2025 12:04:59,D0:4D:C6:F2:B9:B0,eduroam,-86
03/12/2025 12:04:59,D0:4D:C6:F2:BC:50,eduroam,-86
03/12/2025 12:04:59,1C:28:AF:62:B8:B0,eduroam,-82
03/12/2025 12:04:59,D0:4D:C6:F2:BC:40,eduroam,-80
03/12/2025 12:04:59,D0:4D:C6:F2:F4:A0,eduroam,-73
03/12/2025 12:04:59,D0:4D:C6:F2:F4:B0,eduroam,-71
03/12/2025 12:04:59,D0:4D:C6:F2:A2:B0,eduroam,-90
03/12/2025 12:04:59,D0:4D:C6:F2:B9:A0,eduroam,-78
03/12/2025 12:05:04,D0:4D:C6:F2:FE:10,eduroam,-92
03/12/2025 12:05:04,D0:4D:C6:F2:B9:B0,eduroam,-88
03/12/2025 12:05:04,D0:4D:C6:F2:BC:50,eduroam,-85
03/12/2025 12:05:04,1C:28:AF:62:B8:B0,eduroam,-82
03/12/2025 12:05:04,D0:4D:C6:F2:BC:40,eduroam,-80
03/12/2025 12:05:04,D0:4D:C6:F2:F4:A0,eduroam,-73
03/12/2025 12:05:04,D0:4D:C6:F2:F4:B0,eduroam,-71
03/12/2025 12:05:04,D0:4D:C6:F2:A2:B0,eduroam,-91
03/12/2025 12:05:09,D0:4D:C6:F2:FE:10,eduroam,-92
03/12/2025 12:05:09,D0:4D:C6:F2:A2:B0,eduroam,-91
03/12/2025 12:05:09,D0:4D:C6:F2:B9:B0,eduroam,-87
03/12/2025 12:05:09,D0:4D:C6:F2:BC:50,eduroam,-86
03/12/2025 12:05:09,1C:28:AF:62:B8:B0,eduroam,-82
03/12/2025 12:05:09,D0:4D:C6:F2:BC:40,eduroam,-80
03/12/2025 12:05:09,D0:4D:C6:F2:F4:A0,eduroam,-74
03/12/2025 12:05:09,D0:4D:C6:F2:F4:B0,eduroam,-70
03/12/2025 12:05:09,D0:4D:C6:F2:B9:A0,eduroam,-78
03/12/2025 12:05:14,D0:4D:C6:F2:FE:10,eduroam,-93
03/12/2025 12:05:14,D0:4D:C6:F2:A2:B0,eduroam,-91
03/12/2025 12:05:14,D0:4D:C6:F2:B9:B0,eduroam,-87
03/12/2025 12:05:14,D0:4D:C6:F2:BC:50,eduroam,-86
03/12/2025 12:05:14,1C:28:AF:62:B8:B0,eduroam,-85
03/12/2025 12:05:14,D0:4D:C6:F2:BC:40,eduroam,-80
03/12/2025 12:05:14,D0:4D:C6:F2:F4:A0,eduroam,-74
03/12/2025 12:05:14,D0:4D:C6:F2:F4:B0,eduroam,-70
03/12/2025 12:05:14,D0:4D:C6:F2:B9:A0,eduroam,-78
03/12/2025 12:05:19,D0:4D:C6:F2:FE:10,eduroam,-93
03/12/2025 12:05:19,D0:4D:C6:F2:A2:B0,eduroam,-91
03/12/2025 12:05:19,D0:4D:C6:F2:B9:B0,eduroam,-87
03/12/2025 12:05:19,D0:4D:C6:F2:BC:50,eduroam,-86
03/12/2025 12:05:19,1C:28:AF:62:B8:B0,eduroam,-85
03/12/2025 12:05:19,1C:28:AF:62:B8:A0,eduroam,-83
03/12/2025 12:05:19,D0:4D:C6:F2:F4:A0,eduroam,-73
03/12/2025 12:05:19,D0:4D:C6:F2:F4:B0,eduroam,-70
03/12/2025 12:05:19,D0:4D:C6:F2:B9:A0,eduroam,-78
03/12/2025 12:05:19,D0:4D:C6:F2:BC:40,eduroam,-80
03/12/2025 12:05:24,D0:4D:C6:F2:FE:10,eduroam,-92
03/12/2025 12:05:24,D0:4D:C6:F2:A2:B0,eduroam,-91
03/12/2025 12:05:24,D0:4D:C6:F2:B9:B0,eduroam,-86
03/12/2025 12:05:24,D0:4D:C6:F2:BC:50,eduroam,-86
03/12/2025 12:05:24,1C:28:AF:62:B8:B0,eduroam,-85
03/12/2025 12:05:24,1C:28:AF:62:B8:A0,eduroam,-83
03/12/2025 12:05:24,D0:4D:C6:F2:B9:A0,eduroam,-78
03/12/2025 12:05:24,D0:4D:C6:F2:F4:A0,eduroam,-73
03/12/2025 12:05:24,D0:4D:C6:F2:F4:B0,eduroam,-69
03/12/2025 12:05:24,D0:4D:C6:F2:BC:40,eduroam,-78
03/12/2025 12:05:30,D0:4D:C6:F2:A2:B0,eduroam,-93
03/12/2025 12:05:30,D0:4D:C6:F2:FE:10,eduroam,-92
03/12/2025 12:05:30,D0:4D:C6:F2:BC:50,eduroam,-86
03/12/2025 12:05:30,D0:4D:C6:F2:B9:B0,eduroam,-86
03/12/2025 12:05:30,1C:28:AF:62:B8:B0,eduroam,-85
03/12/2025 12:05:30,1C:28:AF:62:B8:A0,eduroam,-83
03/12/2025 12:05:30,D0:4D:C6:F2:B9:A0,eduroam,-78
03/12/2025 12:05:30,D0:4D:C6:F2:F4:A0,eduroam,-73
03/12/2025 12:05:30,D0:4D:C6:F2:F4:B0,eduroam,-70
03/12/2025 12:05:30,D0:4D:C6:F2:BC:40,eduroam,-78
03/12/2025 12:05:35,D0:4D:C6:F2:FE:10,eduroam,-92
03/12/2025 12:05:35,D0:4D:C6:F2:A2:B0,eduroam,-91
03/12/2025 12:05:35,D0:4D:C6:F2:BC:50,eduroam,-86
03/12/2025 12:05:35,D0:4D:C6:F2:B9:B0,eduroam,-86
03/12/2025 12:05:35,1C:28:AF:62:B8:B0,eduroam,-85
03/12/2025 12:05:35,1C:28:AF:62:B8:A0,eduroam,-83
03/12/2025 12:05:35,D0:4D:C6:F2:B9:A0,eduroam,-78
03/12/2025 12:05:35,D0:4D:C6:F2:F4:A0,eduroam,-73
03/12/2025 12:05:35,D0:4D:C6:F2:F4:B0,eduroam,-71
03/12/2025 12:05:35,D0:4D:C6:F2:BC:40,eduroam,-78
03/12/2025 12:05:40,D0:4D:C6:F2:FE:10,eduroam,-94
03/12/2025 12:05:40,D0:4D:C6:F2:A2:B0,eduroam,-90
03/12/2025 12:05:40,D0:4D:C6:F2:B9:B0,eduroam,-86
03/12/2025 12:05:40,D0:4D:C6:F2:BC:50,eduroam,-85
03/12/2025 12:05:40,1C:28:AF:62:B8:B0,eduroam,-85
03/12/2025 12:05:40,1C:28:AF:62:B8:A0,eduroam,-83
03/12/2025 12:05:40,D0:4D:C6:F2:BC:40,eduroam,-80
03/12/2025 12:05:40,D0:4D:C6:F2:F4:A0,eduroam,-72
03/12/2025 12:05:40,D0:4D:C6:F2:F4:B0,eduroam,-71
03/12/2025 12:05:40,D0:4D:C6:F2:B9:A0,eduroam,-78
03/12/2025 12:05:45,D0:4D:C6:F2:FE:10,eduroam,-93
03/12/2025 12:05:45,D0:4D:C6:F2:A2:B0,eduroam,-92
03/12/2025 12:05:45,D0:4D:C6:F2:BC:50,eduroam,-86
03/12/2025 12:05:45,D0:4D:C6:F2:B9:B0,eduroam,-86
03/12/2025 12:05:45,1C:28:AF:62:B8:A0,eduroam,-82
03/12/2025 12:05:45,1C:28:AF:62:B8:B0,eduroam,-82
03/12/2025 12:05:45,D0:4D:C6:F2:B9:A0,eduroam,-80
03/12/2025 12:05:45,D0:4D:C6:F2:BC:40,eduroam,-80
03/12/2025 12:05:45,D0:4D:C6:F2:F4:B0,eduroam,-73
03/12/2025 12:05:45,D0:4D:C6:F2:F4:A0,eduroam,-72
03/12/2025 12:05:45,D0:4D:C6:F2:FE:00,eduroam,-86
03/12/2025 12:05:50,D0:4D:C6:F2:FE:10,eduroam,-96
03/12/2025 12:05:50,D0:4D:C6:F2:A2:B0,eduroam,-91
03/12/2025 12:05:50,D0:4D:C6:F2:B9:B0,eduroam,-87
03/12/2025 12:05:50,D0:4D:C6:F2:FE:00,eduroam,-86
03/12/2025 12:05:50,D0:4D:C6:F2:BC:50,eduroam,-86
03/12/2025 12:05:50,1C:28:AF:62:B8:B0,eduroam,-85
03/12/2025 12:05:50,1C:28:AF:62:B8:A0,eduroam,-82
03/12/2025 12:05:50,D0:4D:C6:F2:BC:40,eduroam,-80
03/12/2025 12:05:50,D0:4D:C6:F2:B9:A0,eduroam,-78
03/12/2025 12:05:50,D0:4D:C6:F2:F4:A0,eduroam,-75
03/12/2025 12:05:50,D0:4D:C6:F2:F4:B0,eduroam,-72
03/12/2025 12:05:50,D0:4D:C6:F2:D9:50,eduroam,-89
03/12/2025 12:05:55,D0:4D:C6:F2:FE:10,eduroam,-92
03/12/2025 12:05:55,D0:4D:C6:F2:A2:B0,eduroam,-90
03/12/2025 12:05:55,D0:4D:C6:F2:FE:00,eduroam,-86
03/12/2025 12:05:55,D0:4D:C6:F2:BC:50,eduroam,-86
03/12/2025 12:05:55,D0:4D:C6:F2:B9:B0,eduroam,-86
03/12/2025 12:05:55,1C:28:AF:62:B8:B0,eduroam,-85
03/12/2025 12:05:55,1C:28:AF:62:B8:A0,eduroam,-82
03/12/2025 12:05:55,D0:4D:C6:F2:B9:A0,eduroam,-79
03/12/2025 12:05:55,D0:4D:C6:F2:BC:40,eduroam,-77
03/12/2025 12:05:55,D0:4D:C6:F2:F4:A0,eduroam,-74
03/12/2025 12:05:55,D0:4D:C6:F2:F4:B0,eduroam,-71
03/12/2025 12:05:55,D0:4D:C6:F2:D9:50,eduroam,-89
03/12/2025 12:06:00,D0:4D:C6:F2:FE:10,eduroam,-92
03/12/2025 12:06:00,D0:4D:C6:F2:A2:B0,eduroam,-90
03/12/2025 12:06:00,D0:4D:C6:F2:BC:50,eduroam,-87
03/12/2025 12:06:00,D0:4D:C6:F2:FE:00,eduroam,-86
03/12/2025 12:06:00,D0:4D:C6:F2:B9:B0,eduroam,-86
03/12/2025 12:06:00,1C:28:AF:62:B8:B0,eduroam,-84
03/12/2025 12:06:00,1C:28:AF:62:B8:A0,eduroam,-82
03/12/2025 12:06:00,D0:4D:C6:F2:B9:A0,eduroam,-78
03/12/2025 12:06:00,D0:4D:C6:F2:BC:40,eduroam,-78
03/12/2025 12:06:00,D0:4D:C6:F2:F4:A0,eduroam,-75
03/12/2025 12:06:00,D0:4D:C6:F2:F4:B0,eduroam,-70
03/12/2025 12:06:00,D0:4D:C6:F2:D9:50,eduroam,-89
03/12/2025 12:06:05,D0:4D:C6:F2:FE:10,eduroam,-92
03/12/2025 12:06:05,D0:4D:C6:F2:A2:B0,eduroam,-90
03/12/2025 12:06:05,D0:4D:C6:F2:BC:50,eduroam,-87
03/12/2025 12:06:05,D0:4D:C6:F2:B9:B0,eduroam,-87
03/12/2025 12:06:05,D0:4D:C6:F2:FE:00,eduroam,-86
03/12/2025 12:06:05,1C:28:AF:62:B8:B0,eduroam,-83
03/12/2025 12:06:05,1C:28:AF:62:B8:A0,eduroam,-82
03/12/2025 12:06:05,D0:4D:C6:F2:B9:A0,eduroam,-78
03/12/2025 12:06:05,D0:4D:C6:F2:BC:40,eduroam,-77
03/12/2025 12:06:05,D0:4D:C6:F2:F4:A0,eduroam,-74
03/12/2025 12:06:05,D0:4D:C6:F2:F4:B0,eduroam,-72
03/12/2025 12:06:05,D0:4D:C6:F2:D9:50,eduroam,-89
03/12/2025 12:06:11,D0:4D:C6:F2:FE:10,eduroam,-92
03/12/2025 12:06:11,D0:4D:C6:F2:A2:B0,eduroam,-91
03/12/2025 12:06:11,D0:4D:C6:F2:BC:50,eduroam,-86
03/12/2025 12:06:11,D0:4D:C6:F2:FE:00,eduroam,-86
03/12/2025 12:06:11,D0:4D:C6:F2:B9:B0,eduroam,-86
03/12/2025 12:06:11,1C:28:AF:62:B8:A0,eduroam,-82
03/12/2025 12:06:11,1C:28:AF:62:B8:B0,eduroam,-82
03/12/2025 12:06:11,D0:4D:C6:F2:B9:A0,eduroam,-78
03/12/2025 12:06:11,D0:4D:C6:F2:BC:40,eduroam,-77
03/12/2025 12:06:11,D0:4D:C6:F2:F4:A0,eduroam,-74
03/12/2025 12:06:11,D0:4D:C6:F2:F4:B0,eduroam,-71
03/12/2025 12:06:11,D0:4D:C6:F2:D9:50,eduroam,-89
03/12/2025 12:06:16,D0:4D:C6:F2:A2:B0,eduroam,-92
03/12/2025 12:06:16,D0:4D:C6:F2:FE:10,eduroam,-92
03/12/2025 12:06:16,D0:4D:C6:F2:B9:B0,eduroam,-87
03/12/2025 12:06:16,D0:4D:C6:F2:BC:50,eduroam,-85
03/12/2025 12:06:16,1C:28:AF:62:B8:A0,eduroam,-82
03/12/2025 12:06:16,1C:28:AF:62:B8:B0,eduroam,-82
03/12/2025 12:06:16,D0:4D:C6:F2:B9:A0,eduroam,-78
03/12/2025 12:06:16,D0:4D:C6:F2:BC:40,eduroam,-78
03/12/2025 12:06:16,D0:4D:C6:F2:F4:A0,eduroam,-74
03/12/2025 12:06:16,D0:4D:C6:F2:F4:B0,eduroam,-71
03/12/2025 12:06:16,D0:4D:C6:F2:D9:50,eduroam,-89
03/12/2025 12:06:16,D0:4D:C6:F2:FE:00,eduroam,-86
03/12/2025 12:06:21,D0:4D:C6:F2:FE:10,eduroam,-93
03/12/2025 12:06:21,D0:4D:C6:F2:A2:B0,eduroam,-92
03/12/2025 12:06:21,D0:4D:C6:F2:BC:50,eduroam,-86
03/12/2025 12:06:21,D0:4D:C6:F2:B9:B0,eduroam,-86
03/12/2025 12:06:21,1C:28:AF:62:B8:B0,eduroam,-83
03/12/2025 12:06:21,D0:4D:C6:F2:BC:40,eduroam,-78
03/12/2025 12:06:21,D0:4D:C6:F2:F4:A0,eduroam,-74
03/12/2025 12:06:21,D0:4D:C6:F2:F4:B0,eduroam,-70
03/12/2025 12:06:21,D0:4D:C6:F2:B9:A0,eduroam,-78
03/12/2025 12:06:21,1C:28:AF:62:B8:A0,eduroam,-82
03/12/2025 12:06:21,D0:4D:C6:F2:D9:50,eduroam,-89
03/12/2025 12:06:26,D0:4D:C6:F2:FE:10,eduroam,-92
03/12/2025 12:06:26,D0:4D:C6:F2:A2:B0,eduroam,-92
03/12/2025 12:06:26,D0:4D:C6:F2:BC:50,eduroam,-86
03/12/2025 12:06:26,D0:4D:C6:F2:B9:B0,eduroam,-85
03/12/2025 12:06:26,1C:28:AF:62:B8:B0,eduroam,-82
03/12/2025 12:06:26,D0:4D:C6:F2:BC:40,eduroam,-78
03/12/2025 12:06:26,D0:4D:C6:F2:F4:A0,eduroam,-74
03/12/2025 12:06:26,D0:4D:C6:F2:F4:B0,eduroam,-71
03/12/2025 12:06:26,D0:4D:C6:F2:B9:A0,eduroam,-79
03/12/2025 12:06:31,D0:4D:C6:F2:FE:10,eduroam,-94
03/12/2025 12:06:31,D0:4D:C6:F2:A2:B0,eduroam,-91
03/12/2025 12:06:31,D0:4D:C6:F2:BC:50,eduroam,-86
03/12/2025 12:06:31,D0:4D:C6:F2:B9:B0,eduroam,-86
03/12/2025 12:06:31,1C:28:AF:62:B8:B0,eduroam,-82
03/12/2025 12:06:31,D0:4D:C6:F2:BC:40,eduroam,-78
03/12/2025 12:06:31,D0:4D:C6:F2:F4:A0,eduroam,-74
03/12/2025 12:06:31,D0:4D:C6:F2:F4:B0,eduroam,-72
03/12/2025 12:06:31,D0:4D:C6:F2:B9:A0,eduroam,-78
03/12/2025 12:06:36,D0:4D:C6:F2:FE:10,eduroam,-94
03/12/2025 12:06:36,D0:4D:C6:F2:A2:B0,eduroam,-92
03/12/2025 12:06:36,D0:4D:C6:F2:B9:B0,eduroam,-87
03/12/2025 12:06:36,D0:4D:C6:F2:BC:50,eduroam,-86
03/12/2025 12:06:36,1C:28:AF:62:B8:B0,eduroam,-82
03/12/2025 12:06:36,D0:4D:C6:F2:BC:40,eduroam,-78
03/12/2025 12:06:36,D0:4D:C6:F2:F4:A0,eduroam,-75
03/12/2025 12:06:36,D0:4D:C6:F2:F4:B0,eduroam,-71
03/12/2025 12:06:36,D0:4D:C6:F2:B9:A0,eduroam,-79
03/12/2025 12:06:41,D0:4D:C6:F2:FE:10,eduroam,-96
03/12/2025 12:06:41,D0:4D:C6:F2:B9:B0,eduroam,-87
03/12/2025 12:06:41,D0:4D:C6:F2:BC:50,eduroam,-84
03/12/2025 12:06:41,1C:28:AF:62:B8:B0,eduroam,-82
03/12/2025 12:06:41,D0:4D:C6:F2:BC:40,eduroam,-78
03/12/2025 12:06:41,D0:4D:C6:F2:B9:A0,eduroam,-76
03/12/2025 12:06:41,D0:4D:C6:F2:F4:A0,eduroam,-73
03/12/2025 12:06:41,D0:4D:C6:F2:F4:B0,eduroam,-71
03/12/2025 12:06:41,D0:4D:C6:F2:A2:B0,eduroam,-92
03/12/2025 12:06:46,D0:4D:C6:F2:FE:10,eduroam,-91
03/12/2025 12:06:46,D0:4D:C6:F2:B9:B0,eduroam,-87
03/12/2025 12:06:46,D0:4D:C6:F2:BC:50,eduroam,-85
03/12/2025 12:06:46,1C:28:AF:62:B8:B0,eduroam,-83
03/12/2025 12:06:46,D0:4D:C6:F2:BC:40,eduroam,-78
03/12/2025 12:06:46,D0:4D:C6:F2:B9:A0,eduroam,-76
03/12/2025 12:06:46,D0:4D:C6:F2:F4:A0,eduroam,-73
03/12/2025 12:06:46,D0:4D:C6:F2:F4:B0,eduroam,-71
03/12/2025 12:06:46,D0:4D:C6:F2:A2:B0,eduroam,-91
03/12/2025 12:06:52,D0:4D:C6:F2:FE:10,eduroam,-92
03/12/2025 12:06:52,D0:4D:C6:F2:BC:50,eduroam,-86
03/12/2025 12:06:52,D0:4D:C6:F2:B9:B0,eduroam,-86
03/12/2025 12:06:52,1C:28:AF:62:B8:B0,eduroam,-84
03/12/2025 12:06:52,D0:4D:C6:F2:BC:40,eduroam,-78
03/12/2025 12:06:52,D0:4D:C6:F2:B9:A0,eduroam,-76
03/12/2025 12:06:52,D0:4D:C6:F2:F4:A0,eduroam,-74
03/12/2025 12:06:52,D0:4D:C6:F2:F4:B0,eduroam,-71
03/12/2025 12:06:52,D0:4D:C6:F2:A2:B0,eduroam,-91
03/12/2025 12:06:57,D0:4D:C6:F2:FE:10,eduroam,-93
03/12/2025 12:06:57,D0:4D:C6:F2:B9:B0,eduroam,-86
03/12/2025 12:06:57,D0:4D:C6:F2:BC:50,eduroam,-85
03/12/2025 12:06:57,1C:28:AF:62:B8:B0,eduroam,-85
03/12/2025 12:06:57,D0:4D:C6:F2:BC:40,eduroam,-78
03/12/2025 12:06:57,D0:4D:C6:F2:B9:A0,eduroam,-76
03/12/2025 12:06:57,D0:4D:C6:F2:F4:A0,eduroam,-74
03/12/2025 12:06:57,D0:4D:C6:F2:F4:B0,eduroam,-71
03/12/2025 12:06:57,D0:4D:C6:F2:A2:B0,eduroam,-91
03/12/2025 12:07:02,D0:4D:C6:F2:FE:10,eduroam,-93
03/12/2025 12:07:02,D0:4D:C6:F2:B9:B0,eduroam,-87
03/12/2025 12:07:02,D0:4D:C6:F2:BC:50,eduroam,-86
03/12/2025 12:07:02,1C:28:AF:62:B8:B0,eduroam,-85
03/12/2025 12:07:02,D0:4D:C6:F2:BC:40,eduroam,-78
03/12/2025 12:07:02,D0:4D:C6:F2:B9:A0,eduroam,-76
03/12/2025 12:07:02,D0:4D:C6:F2:F4:A0,eduroam,-74
03/12/2025 12:07:02,D0:4D:C6:F2:F4:B0,eduroam,-72
03/12/2025 12:07:02,D0:4D:C6:F2:A2:B0,eduroam,-91
03/12/2025 12:07:07,D0:4D:C6:F2:FE:10,eduroam,-93
03/12/2025 12:07:07,D0:4D:C6:F2:A2:B0,eduroam,-91
03/12/2025 12:07:07,D0:4D:C6:F2:B9:B0,eduroam,-86
03/12/2025 12:07:07,D0:4D:C6:F2:BC:50,eduroam,-85
03/12/2025 12:07:07,1C:28:AF:62:B8:B0,eduroam,-84
03/12/2025 12:07:07,D0:4D:C6:F2:BC:40,eduroam,-78
03/12/2025 12:07:07,D0:4D:C6:F2:B9:A0,eduroam,-76
03/12/2025 12:07:07,D0:4D:C6:F2:F4:A0,eduroam,-74
03/12/2025 12:07:07,D0:4D:C6:F2:F4:B0,eduroam,-71
03/12/2025 12:07:07,D0:4D:C6:F2:D9:50,eduroam,-92
03/12/2025 12:07:12,D0:4D:C6:F2:FE:10,eduroam,-95
03/12/2025 12:07:12,D0:4D:C6:F2:D9:50,eduroam,-92
03/12/2025 12:07:12,D0:4D:C6:F2:A2:B0,eduroam,-91
03/12/2025 12:07:12,D0:4D:C6:F2:B9:B0,eduroam,-87
03/12/2025 12:07:12,D0:4D:C6:F2:BC:50,eduroam,-85
03/12/2025 12:07:12,1C:28:AF:62:B8:B0,eduroam,-82
03/12/2025 12:07:12,D0:4D:C6:F2:BC:40,eduroam,-79
03/12/2025 12:07:12,D0:4D:C6:F2:B9:A0,eduroam,-76
03/12/2025 12:07:12,D0:4D:C6:F2:F4:A0,eduroam,-72
03/12/2025 12:07:12,D0:4D:C6:F2:F4:B0,eduroam,-70
03/12/2025 12:07:12,1C:28:AF:62:B8:A0,eduroam,-82
03/12/2025 12:07:17,D0:4D:C6:F2:FE:10,eduroam,-95
03/12/2025 12:07:17,D0:4D:C6:F2:D9:50,eduroam,-92
03/12/2025 12:07:17,D0:4D:C6:F2:A2:B0,eduroam,-91
03/12/2025 12:07:17,D0:4D:C6:F2:BC:50,eduroam,-86
03/12/2025 12:07:17,D0:4D:C6:F2:B9:B0,eduroam,-85
03/12/2025 12:07:17,1C:28:AF:62:B8:B0,eduroam,-83
03/12/2025 12:07:17,D0:4D:C6:F2:BC:40,eduroam,-79
03/12/2025 12:07:17,D0:4D:C6:F2:B9:A0,eduroam,-78
03/12/2025 12:07:17,D0:4D:C6:F2:F4:A0,eduroam,-73
03/12/2025 12:07:17,D0:4D:C6:F2:F4:B0,eduroam,-71
03/12/2025 12:07:17,1C:28:AF:62:B8:A0,eduroam,-82
03/12/2025 12:07:22,D0:4D:C6:F2:D9:50,eduroam,-92
03/12/2025 12:07:22,D0:4D:C6:F2:FE:10,eduroam,-91
03/12/2025 12:07:22,D0:4D:C6:F2:A2:B0,eduroam,-91
03/12/2025 12:07:22,D0:4D:C6:F2:B9:B0,eduroam,-87
03/12/2025 12:07:22,D0:4D:C6:F2:BC:50,eduroam,-85
03/12/2025 12:07:22,1C:28:AF:62:B8:B0,eduroam,-83
03/12/2025 12:07:22,D0:4D:C6:F2:BC:40,eduroam,-79
03/12/2025 12:07:22,D0:4D:C6:F2:B9:A0,eduroam,-78
03/12/2025 12:07:22,D0:4D:C6:F2:F4:A0,eduroam,-73
03/12/2025 12:07:22,D0:4D:C6:F2:F4:B0,eduroam,-72
03/12/2025 12:07:22,1C:28:AF:62:B8:A0,eduroam,-82
03/12/2025 12:07:27,D0:4D:C6:F2:FE:10,eduroam,-93
03/12/2025 12:07:27,D0:4D:C6:F2:A2:B0,eduroam,-92
03/12/2025 12:07:27,D0:4D:C6:F2:D9:50,eduroam,-92
03/12/2025 12:07:27,D0:4D:C6:F2:BC:50,eduroam,-86
03/12/2025 12:07:27,D0:4D:C6:F2:B9:B0,eduroam,-86
03/12/2025 12:07:27,1C:28:AF:62:B8:B0,eduroam,-83
03/12/2025 12:07:27,D0:4D:C6:F2:BC:40,eduroam,-79
03/12/2025 12:07:27,D0:4D:C6:F2:B9:A0,eduroam,-78
03/12/2025 12:07:27,D0:4D:C6:F2:F4:A0,eduroam,-73
03/12/2025 12:07:27,D0:4D:C6:F2:F4:B0,eduroam,-71
03/12/2025 12:07:27,1C:28:AF:62:B8:A0,eduroam,-82
03/12/2025 12:07:32,D0:4D:C6:F2:FE:10,eduroam,-95
03/12/2025 12:07:32,D0:4D:C6:F2:D9:50,eduroam,-92
03/12/2025 12:07:32,D0:4D:C6:F2:A2:B0,eduroam,-92
03/12/2025 12:07:33,D0:4D:C6:F2:B9:B0,eduroam,-86
03/12/2025 12:07:33,D0:4D:C6:F2:BC:50,eduroam,-86
03/12/2025 12:07:33,1C:28:AF:62:B8:B0,eduroam,-83
03/12/2025 12:07:33,D0:4D:C6:F2:BC:40,eduroam,-79
03/12/2025 12:07:33,D0:4D:C6:F2:B9:A0,eduroam,-76
03/12/2025 12:07:33,D0:4D:C6:F2:F4:A0,eduroam,-74
03/12/2025 12:07:33,D0:4D:C6:F2:F4:B0,eduroam,-70
03/12/2025 12:07:33,1C:28:AF:62:B8:A0,eduroam,-82
03/12/2025 12:07:38,D0:4D:C6:F2:FE:10,eduroam,-93
03/12/2025 12:07:38,D0:4D:C6:F2:D9:50,eduroam,-92
03/12/2025 12:07:38,D0:4D:C6:F2:A2:B0,eduroam,-91
03/12/2025 12:07:38,D0:4D:C6:F2:BC:50,eduroam,-87
03/12/2025 12:07:38,D0:4D:C6:F2:B9:B0,eduroam,-85
03/12/2025 12:07:38,1C:28:AF:62:B8:B0,eduroam,-83
03/12/2025 12:07:38,D0:4D:C6:F2:B9:A0,eduroam,-79
03/12/2025 12:07:38,D0:4D:C6:F2:BC:40,eduroam,-79
03/12/2025 12:07:38,D0:4D:C6:F2:F4:A0,eduroam,-73
03/12/2025 12:07:38,D0:4D:C6:F2:F4:B0,eduroam,-70
03/12/2025 12:07:38,1C:28:AF:62:B8:A0,eduroam,-82
03/12/2025 12:07:43,D0:4D:C6:F2:FE:10,eduroam,-92
03/12/2025 12:07:43,D0:4D:C6:F2:A2:B0,eduroam,-91
03/12/2025 12:07:43,D0:4D:C6:F2:BC:50,eduroam,-86
03/12/2025 12:07:43,D0:4D:C6:F2:B9:B0,eduroam,-86
03/12/2025 12:07:43,1C:28:AF:62:B8:B0,eduroam,-83
03/12/2025 12:07:43,D0:4D:C6:F2:B9:A0,eduroam,-79
03/12/2025 12:07:43,D0:4D:C6:F2:BC:40,eduroam,-78
03/12/2025 12:07:43,D0:4D:C6:F2:F4:A0,eduroam,-74
03/12/2025 12:07:43,D0:4D:C6:F2:F4:B0,eduroam,-70
03/12/2025 12:07:43,D0:4D:C6:F2:D9:50,eduroam,-92
03/12/2025 12:07:43,1C:28:AF:62:B8:A0,eduroam,-82
03/12/2025 12:07:48,D0:4D:C6:F2:FE:10,eduroam,-92
03/12/2025 12:07:48,D0:4D:C6:F2:B9:B0,eduroam,-86
03/12/2025 12:07:48,D0:4D:C6:F2:BC:50,eduroam,-86
03/12/2025 12:07:48,1C:28:AF:62:B8:B0,eduroam,-85
03/12/2025 12:07:48,D0:4D:C6:F2:BC:40,eduroam,-79
03/12/2025 12:07:48,D0:4D:C6:F2:B9:A0,eduroam,-79
03/12/2025 12:07:48,D0:4D:C6:F2:F4:A0,eduroam,-73
03/12/2025 12:07:48,D0:4D:C6:F2:F4:B0,eduroam,-71
03/12/2025 12:07:48,D0:4D:C6:F2:A2:B0,eduroam,-91
03/12/2025 12:07:48,D0:4D:C6:F2:D9:50,eduroam,-92
03/12/2025 12:07:53,D0:4D:C6:F2:FE:10,eduroam,-94
03/12/2025 12:07:53,D0:4D:C6:F2:B9:B0,eduroam,-87
03/12/2025 12:07:53,D0:4D:C6:F2:BC:50,eduroam,-87
03/12/2025 12:07:53,1C:28:AF:62:B8:B0,eduroam,-84
03/12/2025 12:07:53,D0:4D:C6:F2:BC:40,eduroam,-79
03/12/2025 12:07:53,D0:4D:C6:F2:B9:A0,eduroam,-79
03/12/2025 12:07:53,D0:4D:C6:F2:F4:A0,eduroam,-74
03/12/2025 12:07:53,D0:4D:C6:F2:F4:B0,eduroam,-71
03/12/2025 12:07:53,D0:4D:C6:F2:A2:B0,eduroam,-90
03/12/2025 12:07:58,D0:4D:C6:F2:FE:10,eduroam,-92
03/12/2025 12:07:58,D0:4D:C6:F2:BC:50,eduroam,-86
03/12/2025 12:07:58,D0:4D:C6:F2:B9:B0,eduroam,-85
03/12/2025 12:07:58,1C:28:AF:62:B8:B0,eduroam,-83
03/12/2025 12:07:58,D0:4D:C6:F2:B9:A0,eduroam,-79
03/12/2025 12:07:58,D0:4D:C6:F2:BC:40,eduroam,-78
03/12/2025 12:07:58,D0:4D:C6:F2:F4:A0,eduroam,-74
03/12/2025 12:07:58,D0:4D:C6:F2:F4:B0,eduroam,-73
03/12/2025 12:07:58,D0:4D:C6:F2:A2:B0,eduroam,-90
03/12/2025 12:08:03,D0:4D:C6:F2:FE:10,eduroam,-93
03/12/2025 12:08:03,D0:4D:C6:F2:B9:B0,eduroam,-86
03/12/2025 12:08:03,D0:4D:C6:F2:BC:50,eduroam,-86
03/12/2025 12:08:03,1C:28:AF:62:B8:B0,eduroam,-84
03/12/2025 12:08:03,D0:4D:C6:F2:BC:40,eduroam,-78
03/12/2025 12:08:03,D0:4D:C6:F2:B9:A0,eduroam,-77
03/12/2025 12:08:03,D0:4D:C6:F2:F4:A0,eduroam,-74
03/12/2025 12:08:03,D0:4D:C6:F2:F4:B0,eduroam,-72
03/12/2025 12:08:03,D0:4D:C6:F2:A2:B0,eduroam,-91
03/12/2025 12:08:08,D0:4D:C6:F2:FE:10,eduroam,-92
03/12/2025 12:08:08,D0:4D:C6:F2:BC:50,eduroam,-86
03/12/2025 12:08:08,D0:4D:C6:F2:B9:B0,eduroam,-86
03/12/2025 12:08:08,1C:28:AF:62:B8:B0,eduroam,-85
03/12/2025 12:08:08,D0:4D:C6:F2:BC:40,eduroam,-79
03/12/2025 12:08:08,D0:4D:C6:F2:B9:A0,eduroam,-77
03/12/2025 12:08:08,D0:4D:C6:F2:F4:A0,eduroam,-73
03/12/2025 12:08:08,D0:4D:C6:F2:F4:B0,eduroam,-71
03/12/2025 12:08:08,D0:4D:C6:F2:A2:B0,eduroam,-91
03/12/2025 12:08:13,D0:4D:C6:F2:FE:10,eduroam,-94
03/12/2025 12:08:13,D0:4D:C6:F2:B9:B0,eduroam,-86
03/12/2025 12:08:13,D0:4D:C6:F2:BC:50,eduroam,-84
03/12/2025 12:08:13,1C:28:AF:62:B8:B0,eduroam,-82
03/12/2025 12:08:13,D0:4D:C6:F2:BC:40,eduroam,-79
03/12/2025 12:08:13,D0:4D:C6:F2:B9:A0,eduroam,-77
03/12/2025 12:08:13,D0:4D:C6:F2:F4:A0,eduroam,-74
03/12/2025 12:08:13,D0:4D:C6:F2:F4:B0,eduroam,-71
03/12/2025 12:08:13,D0:4D:C6:F2:A2:B0,eduroam,-91
03/12/2025 12:08:19,D0:4D:C6:F2:FE:10,eduroam,-94
03/12/2025 12:08:19,D0:4D:C6:F2:B9:B0,eduroam,-86
03/12/2025 12:08:19,D0:4D:C6:F2:BC:50,eduroam,-86
03/12/2025 12:08:19,1C:28:AF:62:B8:B0,eduroam,-83
03/12/2025 12:08:19,D0:4D:C6:F2:BC:40,eduroam,-79
03/12/2025 12:08:19,D0:4D:C6:F2:B9:A0,eduroam,-77
03/12/2025 12:08:19,D0:4D:C6:F2:F4:A0,eduroam,-74
03/12/2025 12:08:19,D0:4D:C6:F2:F4:B0,eduroam,-71
03/12/2025 12:08:19,D0:4D:C6:F2:A2:B0,eduroam,-92
03/12/2025 12:08:24,D0:4D:C6:F2:FE:10,eduroam,-94
03/12/2025 12:08:24,D0:4D:C6:F2:B9:B0,eduroam,-86
03/12/2025 12:08:24,D0:4D:C6:F2:BC:50,eduroam,-86
03/12/2025 12:08:24,1C:28:AF:62:B8:B0,eduroam,-85
03/12/2025 12:08:24,D0:4D:C6:F2:B9:A0,eduroam,-77
03/12/2025 12:08:24,D0:4D:C6:F2:BC:40,eduroam,-75
03/12/2025 12:08:24,D0:4D:C6:F2:F4:A0,eduroam,-74
03/12/2025 12:08:24,D0:4D:C6:F2:F4:B0,eduroam,-71
03/12/2025 12:08:24,D0:4D:C6:F2:A2:B0,eduroam,-92
03/12/2025 12:08:29,D0:4D:C6:F2:FE:10,eduroam,-92
03/12/2025 12:08:29,D0:4D:C6:F2:B9:B0,eduroam,-87
03/12/2025 12:08:29,D0:4D:C6:F2:BC:50,eduroam,-86
03/12/2025 12:08:29,1C:28:AF:62:B8:B0,eduroam,-84
03/12/2025 12:08:29,D0:4D:C6:F2:B9:A0,eduroam,-77
03/12/2025 12:08:29,D0:4D:C6:F2:BC:40,eduroam,-75
03/12/2025 12:08:29,D0:4D:C6:F2:F4:A0,eduroam,-74
03/12/2025 12:08:29,D0:4D:C6:F2:F4:B0,eduroam,-71
03/12/2025 12:08:29,D0:4D:C6:F2:A2:B0,eduroam,-92
03/12/2025 12:08:34,D0:4D:C6:F2:FE:10,eduroam,-92
03/12/2025 12:08:34,D0:4D:C6:F2:BC:50,eduroam,-86
03/12/2025 12:08:34,D0:4D:C6:F2:B9:B0,eduroam,-86
03/12/2025 12:08:34,1C:28:AF:62:B8:B0,eduroam,-84
03/12/2025 12:08:34,D0:4D:C6:F2:B9:A0,eduroam,-78
03/12/2025 12:08:34,D0:4D:C6:F2:BC:40,eduroam,-75
03/12/2025 12:08:34,D0:4D:C6:F2:F4:A0,eduroam,-73
03/12/2025 12:08:34,D0:4D:C6:F2:F4:B0,eduroam,-71
03/12/2025 12:08:34,D0:4D:C6:F2:A2:B0,eduroam,-93
03/12/2025 12:08:39,D0:4D:C6:F2:FE:10,eduroam,-92
03/12/2025 12:08:39,D0:4D:C6:F2:B9:B0,eduroam,-87
03/12/2025 12:08:39,D0:4D:C6:F2:BC:50,eduroam,-86
03/12/2025 12:08:39,1C:28:AF:62:B8:B0,eduroam,-83
03/12/2025 12:08:39,D0:4D:C6:F2:BC:40,eduroam,-78
03/12/2025 12:08:39,D0:4D:C6:F2:B9:A0,eduroam,-77
03/12/2025 12:08:39,D0:4D:C6:F2:F4:A0,eduroam,-74
03/12/2025 12:08:39,D0:4D:C6:F2:F4:B0,eduroam,-71
03/12/2025 12:08:39,D0:4D:C6:F2:A2:B0,eduroam,-91
03/12/2025 12:08:44,D0:4D:C6:F2:FE:10,eduroam,-92
03/12/2025 12:08:44,D0:4D:C6:F2:BC:50,eduroam,-86
03/12/2025 12:08:44,D0:4D:C6:F2:B9:B0,eduroam,-85
03/12/2025 12:08:44,1C:28:AF:62:B8:B0,eduroam,-82
03/12/2025 12:08:44,D0:4D:C6:F2:BC:40,eduroam,-78
03/12/2025 12:08:44,D0:4D:C6:F2:B9:A0,eduroam,-77
03/12/2025 12:08:44,D0:4D:C6:F2:F4:A0,eduroam,-74
03/12/2025 12:08:44,D0:4D:C6:F2:F4:B0,eduroam,-71
03/12/2025 12:08:44,D0:4D:C6:F2:A2:B0,eduroam,-91
03/12/2025 12:08:49,D0:4D:C6:F2:FE:10,eduroam,-92
03/12/2025 12:08:49,D0:4D:C6:F2:B9:B0,eduroam,-87
03/12/2025 12:08:49,D0:4D:C6:F2:BC:50,eduroam,-85
03/12/2025 12:08:49,1C:28:AF:62:B8:B0,eduroam,-82
03/12/2025 12:08:49,D0:4D:C6:F2:B9:A0,eduroam,-78
03/12/2025 12:08:49,D0:4D:C6:F2:BC:40,eduroam,-78
03/12/2025 12:08:49,D0:4D:C6:F2:F4:A0,eduroam,-74
03/12/2025 12:08:49,D0:4D:C6:F2:F4:B0,eduroam,-70
03/12/2025 12:08:49,D0:4D:C6:F2:A2:B0,eduroam,-91
03/12/2025 12:08:54,D0:4D:C6:F2:FE:10,eduroam,-92
03/12/2025 12:08:54,D0:4D:C6:F2:B9:B0,eduroam,-85
03/12/2025 12:08:54,D0:4D:C6:F2:BC:50,eduroam,-85
03/12/2025 12:08:54,1C:28:AF:62:B8:B0,eduroam,-84
03/12/2025 12:08:54,D0:4D:C6:F2:B9:A0,eduroam,-78
03/12/2025 12:08:54,D0:4D:C6:F2:BC:40,eduroam,-77
03/12/2025 12:08:54,D0:4D:C6:F2:F4:A0,eduroam,-72
03/12/2025 12:08:54,D0:4D:C6:F2:F4:B0,eduroam,-71
03/12/2025 12:08:54,D0:4D:C6:F2:A2:B0,eduroam,-90
03/12/2025 12:08:59,D0:4D:C6:F2:FE:10,eduroam,-92
03/12/2025 12:09:00,D0:4D:C6:F2:BC:50,eduroam,-86
03/12/2025 12:09:00,D0:4D:C6:F2:B9:B0,eduroam,-86
03/12/2025 12:09:00,1C:28:AF:62:B8:B0,eduroam,-84
03/12/2025 12:09:00,D0:4D:C6:F2:BC:40,eduroam,-79
03/12/2025 12:09:00,D0:4D:C6:F2:B9:A0,eduroam,-78
03/12/2025 12:09:00,D0:4D:C6:F2:F4:A0,eduroam,-74
03/12/2025 12:09:00,D0:4D:C6:F2:F4:B0,eduroam,-71
03/12/2025 12:09:00,D0:4D:C6:F2:A2:B0,eduroam,-91
03/12/2025 12:09:05,D0:4D:C6:F2:B9:B0,eduroam,-86
03/12/2025 12:09:05,1C:28:AF:62:B8:B0,eduroam,-84
03/12/2025 12:09:05,D0:4D:C6:F2:BC:40,eduroam,-79
03/12/2025 12:09:05,D0:4D:C6:F2:B9:A0,eduroam,-78
03/12/2025 12:09:05,D0:4D:C6:F2:BC:50,eduroam,-72
03/12/2025 12:09:05,D0:4D:C6:F2:F4:A0,eduroam,-72
03/12/2025 12:09:05,D0:4D:C6:F2:F4:B0,eduroam,-71
03/12/2025 12:09:05,D0:4D:C6:F2:A2:B0,eduroam,-91
03/12/2025 12:09:05,D0:4D:C6:F2:FE:10,eduroam,-92
03/12/2025 12:09:10,D0:4D:C6:F2:A2:B0,eduroam,-94
03/12/2025 12:09:10,D0:4D:C6:F2:B9:B0,eduroam,-86
03/12/2025 12:09:10,D0:4D:C6:F2:BC:50,eduroam,-86
03/12/2025 12:09:10,1C:28:AF:62:B8:B0,eduroam,-85
03/12/2025 12:09:10,D0:4D:C6:F2:BC:40,eduroam,-78
03/12/2025 12:09:10,D0:4D:C6:F2:B9:A0,eduroam,-74
03/12/2025 12:09:10,D0:4D:C6:F2:F4:A0,eduroam,-73
03/12/2025 12:09:10,D0:4D:C6:F2:F4:B0,eduroam,-72
03/12/2025 12:09:10,D0:4D:C6:F2:FE:10,eduroam,-92
03/12/2025 12:09:15,D0:4D:C6:F2:A2:B0,eduroam,-91
03/12/2025 12:09:15,D0:4D:C6:F2:B9:B0,eduroam,-87
03/12/2025 12:09:15,D0:4D:C6:F2:BC:50,eduroam,-86
03/12/2025 12:09:15,1C:28:AF:62:B8:B0,eduroam,-84
03/12/2025 12:09:15,D0:4D:C6:F2:BC:40,eduroam,-78
03/12/2025 12:09:15,D0:4D:C6:F2:B9:A0,eduroam,-77
03/12/2025 12:09:15,D0:4D:C6:F2:F4:A0,eduroam,-74
03/12/2025 12:09:15,D0:4D:C6:F2:F4:B0,eduroam,-72
03/12/2025 12:09:15,D0:4D:C6:F2:FE:10,eduroam,-93
03/12/2025 12:09:20,D0:4D:C6:F2:A2:B0,eduroam,-91
03/12/2025 12:09:20,D0:4D:C6:F2:B9:B0,eduroam,-86
03/12/2025 12:09:20,D0:4D:C6:F2:BC:50,eduroam,-85
03/12/2025 12:09:20,1C:28:AF:62:B8:B0,eduroam,-85
03/12/2025 12:09:20,D0:4D:C6:F2:BC:40,eduroam,-78
03/12/2025 12:09:20,D0:4D:C6:F2:B9:A0,eduroam,-77
03/12/2025 12:09:20,D0:4D:C6:F2:F4:A0,eduroam,-75
03/12/2025 12:09:20,D0:4D:C6:F2:F4:B0,eduroam,-71
03/12/2025 12:09:20,D0:4D:C6:F2:FE:10,eduroam,-93
03/12/2025 12:09:25,D0:4D:C6:F2:A2:B0,eduroam,-91
03/12/2025 12:09:25,D0:4D:C6:F2:B9:B0,eduroam,-87
03/12/2025 12:09:25,D0:4D:C6:F2:BC:50,eduroam,-85
03/12/2025 12:09:25,1C:28:AF:62:B8:B0,eduroam,-84
03/12/2025 12:09:25,D0:4D:C6:F2:BC:40,eduroam,-78
03/12/2025 12:09:25,D0:4D:C6:F2:B9:A0,eduroam,-77
03/12/2025 12:09:25,D0:4D:C6:F2:F4:A0,eduroam,-75
03/12/2025 12:09:25,D0:4D:C6:F2:F4:B0,eduroam,-71
03/12/2025 12:09:25,D0:4D:C6:F2:FE:10,eduroam,-93
03/12/2025 12:09:30,D0:4D:C6:F2:FE:10,eduroam,-93
03/12/2025 12:09:30,D0:4D:C6:F2:BC:50,eduroam,-87
03/12/2025 12:09:30,D0:4D:C6:F2:B9:B0,eduroam,-86
03/12/2025 12:09:30,1C:28:AF:62:B8:B0,eduroam,-84
03/12/2025 12:09:30,D0:4D:C6:F2:BC:40,eduroam,-78
03/12/2025 12:09:30,D0:4D:C6:F2:B9:A0,eduroam,-77
03/12/2025 12:09:30,D0:4D:C6:F2:F4:A0,eduroam,-75
03/12/2025 12:09:30,D0:4D:C6:F2:F4:B0,eduroam,-70
03/12/2025 12:09:30,D0:4D:C6:F2:A2:B0,eduroam,-91
03/12/2025 12:09:35,D0:4D:C6:F2:FE:10,eduroam,-91
03/12/2025 12:09:35,D0:4D:C6:F2:BC:50,eduroam,-87
03/12/2025 12:09:35,D0:4D:C6:F2:B9:B0,eduroam,-86
03/12/2025 12:09:35,1C:28:AF:62:B8:B0,eduroam,-85
03/12/2025 12:09:35,D0:4D:C6:F2:BC:40,eduroam,-78
03/12/2025 12:09:35,D0:4D:C6:F2:B9:A0,eduroam,-77
03/12/2025 12:09:35,D0:4D:C6:F2:F4:A0,eduroam,-74
03/12/2025 12:09:35,D0:4D:C6:F2:F4:B0,eduroam,-70
03/12/2025 12:09:35,D0:4D:C6:F2:A2:B0,eduroam,-91
03/12/2025 12:09:40,D0:4D:C6:F2:FE:10,eduroam,-93
03/12/2025 12:09:40,D0:4D:C6:F2:BC:50,eduroam,-87
03/12/2025 12:09:40,D0:4D:C6:F2:B9:B0,eduroam,-86
03/12/2025 12:09:40,D0:4D:C6:F2:BC:40,eduroam,-78
03/12/2025 12:09:40,D0:4D:C6:F2:B9:A0,eduroam,-77
03/12/2025 12:09:40,D0:4D:C6:F2:F4:A0,eduroam,-75
03/12/2025 12:09:40,1C:28:AF:62:B8:B0,eduroam,-71
03/12/2025 12:09:40,D0:4D:C6:F2:F4:B0,eduroam,-70
03/12/2025 12:09:40,D0:4D:C6:F2:A2:B0,eduroam,-92
03/12/2025 12:09:46,D0:4D:C6:F2:FE:10,eduroam,-93
03/12/2025 12:09:46,D0:4D:C6:F2:BC:50,eduroam,-87
03/12/2025 12:09:46,D0:4D:C6:F2:B9:B0,eduroam,-87
03/12/2025 12:09:46,1C:28:AF:62:B8:B0,eduroam,-84
03/12/2025 12:09:46,D0:4D:C6:F2:BC:40,eduroam,-78
03/12/2025 12:09:46,D0:4D:C6:F2:B9:A0,eduroam,-77
03/12/2025 12:09:46,D0:4D:C6:F2:F4:A0,eduroam,-75
03/12/2025 12:09:46,D0:4D:C6:F2:F4:B0,eduroam,-70
03/12/2025 12:09:46,D0:4D:C6:F2:A2:B0,eduroam,-91
03/12/2025 12:09:51,D0:4D:C6:F2:FE:10,eduroam,-93
03/12/2025 12:09:51,D0:4D:C6:F2:B9:B0,eduroam,-87
03/12/2025 12:09:51,D0:4D:C6:F2:BC:50,eduroam,-86
03/12/2025 12:09:51,1C:28:AF:62:B8:B0,eduroam,-82
03/12/2025 12:09:51,D0:4D:C6:F2:BC:40,eduroam,-79
03/12/2025 12:09:51,D0:4D:C6:F2:B9:A0,eduroam,-77
03/12/2025 12:09:51,D0:4D:C6:F2:F4:A0,eduroam,-74
03/12/2025 12:09:51,D0:4D:C6:F2:F4:B0,eduroam,-71
03/12/2025 12:09:51,D0:4D:C6:F2:A2:B0,eduroam,-91
03/12/2025 12:09:56,D0:4D:C6:F2:FE:10,eduroam,-93
03/12/2025 12:09:56,D0:4D:C6:F2:BC:50,eduroam,-86
03/12/2025 12:09:56,D0:4D:C6:F2:B9:B0,eduroam,-86
03/12/2025 12:09:56,1C:28:AF:62:B8:B0,eduroam,-82
03/12/2025 12:09:56,D0:4D:C6:F2:BC:40,eduroam,-79
03/12/2025 12:09:56,D0:4D:C6:F2:B9:A0,eduroam,-78
03/12/2025 12:09:56,D0:4D:C6:F2:F4:A0,eduroam,-74
03/12/2025 12:09:56,D0:4D:C6:F2:F4:B0,eduroam,-70
03/12/2025 12:09:56,D0:4D:C6:F2:A2:B0,eduroam,-91
03/12/2025 12:10:01,D0:4D:C6:F2:FE:10,eduroam,-94
03/12/2025 12:10:01,D0:4D:C6:F2:B9:B0,eduroam,-85
03/12/2025 12:10:01,1C:28:AF:62:B8:B0,eduroam,-85
03/12/2025 12:10:01,D0:4D:C6:F2:BC:50,eduroam,-82
03/12/2025 12:10:01,D0:4D:C6:F2:BC:40,eduroam,-79
03/12/2025 12:10:01,D0:4D:C6:F2:B9:A0,eduroam,-77
03/12/2025 12:10:01,D0:4D:C6:F2:F4:A0,eduroam,-74
03/12/2025 12:10:01,D0:4D:C6:F2:F4:B0,eduroam,-70
03/12/2025 12:10:01,D0:4D:C6:F2:A2:B0,eduroam,-90
03/12/2025 12:10:06,D0:4D:C6:F2:FE:10,eduroam,-94
03/12/2025 12:10:06,D0:4D:C6:F2:B9:B0,eduroam,-86
03/12/2025 12:10:06,D0:4D:C6:F2:BC:50,eduroam,-86
03/12/2025 12:10:06,1C:28:AF:62:B8:B0,eduroam,-84
03/12/2025 12:10:06,D0:4D:C6:F2:BC:40,eduroam,-79
03/12/2025 12:10:06,D0:4D:C6:F2:B9:A0,eduroam,-77
03/12/2025 12:10:06,D0:4D:C6:F2:F4:A0,eduroam,-73
03/12/2025 12:10:06,D0:4D:C6:F2:F4:B0,eduroam,-70
03/12/2025 12:10:06,D0:4D:C6:F2:A2:B0,eduroam,-91
03/12/2025 12:10:11,D0:4D:C6:F2:FE:10,eduroam,-94
03/12/2025 12:10:11,D0:4D:C6:F2:B9:B0,eduroam,-87
03/12/2025 12:10:11,D0:4D:C6:F2:BC:50,eduroam,-86
03/12/2025 12:10:11,1C:28:AF:62:B8:B0,eduroam,-84
03/12/2025 12:10:11,D0:4D:C6:F2:BC:40,eduroam,-79
03/12/2025 12:10:11,D0:4D:C6:F2:B9:A0,eduroam,-77
03/12/2025 12:10:11,D0:4D:C6:F2:F4:A0,eduroam,-74
03/12/2025 12:10:11,D0:4D:C6:F2:F4:B0,eduroam,-71
03/12/2025 12:10:11,D0:4D:C6:F2:A2:B0,eduroam,-91
03/12/2025 12:10:16,D0:4D:C6:F2:FE:10,eduroam,-94
03/12/2025 12:10:16,D0:4D:C6:F2:B9:B0,eduroam,-87
03/12/2025 12:10:16,1C:28:AF:62:B8:B0,eduroam,-82
03/12/2025 12:10:16,D0:4D:C6:F2:BC:40,eduroam,-79
03/12/2025 12:10:16,D0:4D:C6:F2:B9:A0,eduroam,-77
03/12/2025 12:10:16,D0:4D:C6:F2:F4:A0,eduroam,-74
03/12/2025 12:10:16,D0:4D:C6:F2:BC:50,eduroam,-71
03/12/2025 12:10:16,D0:4D:C6:F2:F4:B0,eduroam,-70
03/12/2025 12:10:16,D0:4D:C6:F2:A2:B0,eduroam,-91
03/12/2025 12:10:21,D0:4D:C6:F2:FE:10,eduroam,-93
03/12/2025 12:10:21,D0:4D:C6:F2:B9:B0,eduroam,-87
03/12/2025 12:10:21,D0:4D:C6:F2:BC:50,eduroam,-85
03/12/2025 12:10:21,1C:28:AF:62:B8:B0,eduroam,-84
03/12/2025 12:10:21,D0:4D:C6:F2:BC:40,eduroam,-78
03/12/2025 12:10:21,D0:4D:C6:F2:B9:A0,eduroam,-78
03/12/2025 12:10:21,D0:4D:C6:F2:F4:A0,eduroam,-74
03/12/2025 12:10:21,D0:4D:C6:F2:F4:B0,eduroam,-70
03/12/2025 12:10:21,D0:4D:C6:F2:A2:B0,eduroam,-93
03/12/2025 12:10:27,D0:4D:C6:F2:FE:10,eduroam,-93
03/12/2025 12:10:27,D0:4D:C6:F2:BC:50,eduroam,-87
03/12/2025 12:10:27,D0:4D:C6:F2:B9:B0,eduroam,-86
03/12/2025 12:10:27,1C:28:AF:62:B8:B0,eduroam,-84
03/12/2025 12:10:27,D0:4D:C6:F2:B9:A0,eduroam,-78
03/12/2025 12:10:27,D0:4D:C6:F2:BC:40,eduroam,-78
03/12/2025 12:10:27,D0:4D:C6:F2:F4:A0,eduroam,-74
03/12/2025 12:10:27,D0:4D:C6:F2:F4:B0,eduroam,-70
03/12/2025 12:10:27,D0:4D:C6:F2:A2:B0,eduroam,-93
03/12/2025 12:10:32,D0:4D:C6:F2:FE:10,eduroam,-93
03/12/2025 12:10:32,D0:4D:C6:F2:A2:B0,eduroam,-91
03/12/2025 12:10:32,D0:4D:C6:F2:BC:50,eduroam,-87
03/12/2025 12:10:32,D0:4D:C6:F2:B9:B0,eduroam,-86
03/12/2025 12:10:32,1C:28:AF:62:B8:B0,eduroam,-81
03/12/2025 12:10:32,D0:4D:C6:F2:B9:A0,eduroam,-78
03/12/2025 12:10:32,D0:4D:C6:F2:BC:40,eduroam,-78
03/12/2025 12:10:32,D0:4D:C6:F2:F4:A0,eduroam,-74
03/12/2025 12:10:32,D0:4D:C6:F2:F4:B0,eduroam,-71
03/12/2025 12:10:32,1C:28:AF:62:B8:A0,eduroam,-84
03/12/2025 12:10:37,D0:4D:C6:F2:FE:10,eduroam,-93
03/12/2025 12:10:37,D0:4D:C6:F2:A2:B0,eduroam,-90
03/12/2025 12:10:37,D0:4D:C6:F2:B9:B0,eduroam,-87
03/12/2025 12:10:37,D0:4D:C6:F2:BC:50,eduroam,-85
03/12/2025 12:10:37,1C:28:AF:62:B8:B0,eduroam,-82
03/12/2025 12:10:37,D0:4D:C6:F2:B9:A0,eduroam,-78
03/12/2025 12:10:37,D0:4D:C6:F2:BC:40,eduroam,-78
03/12/2025 12:10:37,D0:4D:C6:F2:F4:A0,eduroam,-74
03/12/2025 12:10:37,D0:4D:C6:F2:F4:B0,eduroam,-71
03/12/2025 12:10:37,1C:28:AF:62:B8:A0,eduroam,-84
03/12/2025 12:10:42,D0:4D:C6:F2:FE:10,eduroam,-92
03/12/2025 12:10:42,D0:4D:C6:F2:A2:B0,eduroam,-91
03/12/2025 12:10:42,D0:4D:C6:F2:B9:B0,eduroam,-86
03/12/2025 12:10:42,D0:4D:C6:F2:BC:50,eduroam,-85
03/12/2025 12:10:42,1C:28:AF:62:B8:B0,eduroam,-82
03/12/2025 12:10:42,D0:4D:C6:F2:BC:40,eduroam,-78
03/12/2025 12:10:42,D0:4D:C6:F2:B9:A0,eduroam,-78
03/12/2025 12:10:42,D0:4D:C6:F2:F4:A0,eduroam,-74
03/12/2025 12:10:42,D0:4D:C6:F2:F4:B0,eduroam,-71
03/12/2025 12:10:42,1C:28:AF:62:B8:A0,eduroam,-84
03/12/2025 12:10:47,D0:4D:C6:F2:FE:10,eduroam,-92
03/12/2025 12:10:47,D0:4D:C6:F2:A2:B0,eduroam,-91
03/12/2025 12:10:47,D0:4D:C6:F2:BC:50,eduroam,-87
03/12/2025 12:10:47,D0:4D:C6:F2:B9:B0,eduroam,-87
03/12/2025 12:10:47,1C:28:AF:62:B8:B0,eduroam,-82
03/12/2025 12:10:47,D0:4D:C6:F2:BC:40,eduroam,-79
03/12/2025 12:10:47,D0:4D:C6:F2:B9:A0,eduroam,-78
03/12/2025 12:10:47,D0:4D:C6:F2:F4:A0,eduroam,-74
03/12/2025 12:10:47,D0:4D:C6:F2:F4:B0,eduroam,-70
03/12/2025 12:10:47,1C:28:AF:62:B8:A0,eduroam,-84
03/12/2025 12:10:52,D0:4D:C6:F2:FE:10,eduroam,-92
03/12/2025 12:10:52,D0:4D:C6:F2:A2:B0,eduroam,-90
03/12/2025 12:10:52,D0:4D:C6:F2:BC:50,eduroam,-87
03/12/2025 12:10:52,D0:4D:C6:F2:B9:B0,eduroam,-87
03/12/2025 12:10:52,1C:28:AF:62:B8:B0,eduroam,-82
03/12/2025 12:10:52,D0:4D:C6:F2:BC:40,eduroam,-79
03/12/2025 12:10:52,D0:4D:C6:F2:B9:A0,eduroam,-78
03/12/2025 12:10:52,D0:4D:C6:F2:F4:A0,eduroam,-74
03/12/2025 12:10:52,D0:4D:C6:F2:F4:B0,eduroam,-70
03/12/2025 12:10:52,1C:28:AF:62:B8:A0,eduroam,-84
03/12/2025 12:10:57,D0:4D:C6:F2:FE:10,eduroam,-92
03/12/2025 12:10:57,D0:4D:C6:F2:A2:B0,eduroam,-91
03/12/2025 12:10:57,D0:4D:C6:F2:B9:B0,eduroam,-88
03/12/2025 12:10:57,D0:4D:C6:F2:BC:50,eduroam,-86
03/12/2025 12:10:57,1C:28:AF:62:B8:B0,eduroam,-82
03/12/2025 12:10:57,D0:4D:C6:F2:BC:40,eduroam,-79
03/12/2025 12:10:57,D0:4D:C6:F2:B9:A0,eduroam,-79
03/12/2025 12:10:57,D0:4D:C6:F2:F4:A0,eduroam,-74
03/12/2025 12:10:57,D0:4D:C6:F2:F4:B0,eduroam,-70
03/12/2025 12:10:57,1C:28:AF:62:B8:A0,eduroam,-84
03/12/2025 12:11:02,D0:4D:C6:F2:FE:10,eduroam,-92
03/12/2025 12:11:02,D0:4D:C6:F2:BC:50,eduroam,-91
03/12/2025 12:11:02,D0:4D:C6:F2:B9:B0,eduroam,-85
03/12/2025 12:11:02,1C:28:AF:62:B8:B0,eduroam,-85
03/12/2025 12:11:02,D0:4D:C6:F2:B9:A0,eduroam,-79
03/12/2025 12:11:02,D0:4D:C6:F2:BC:40,eduroam,-79
03/12/2025 12:11:02,D0:4D:C6:F2:F4:A0,eduroam,-74
03/12/2025 12:11:02,D0:4D:C6:F2:F4:B0,eduroam,-69
03/12/2025 12:11:02,D0:4D:C6:F2:A2:B0,eduroam,-93
03/12/2025 12:11:02,1C:28:AF:62:B8:A0,eduroam,-84
03/12/2025 12:11:08,D0:4D:C6:F2:FE:10,eduroam,-92
03/12/2025 12:11:08,D0:4D:C6:F2:BC:50,eduroam,-87
03/12/2025 12:11:08,D0:4D:C6:F2:B9:B0,eduroam,-86
03/12/2025 12:11:08,1C:28:AF:62:B8:B0,eduroam,-81
03/12/2025 12:11:08,D0:4D:C6:F2:BC:40,eduroam,-79
03/12/2025 12:11:08,D0:4D:C6:F2:B9:A0,eduroam,-79
03/12/2025 12:11:08,D0:4D:C6:F2:F4:A0,eduroam,-73
03/12/2025 12:11:08,D0:4D:C6:F2:F4:B0,eduroam,-70
03/12/2025 12:11:08,D0:4D:C6:F2:A2:B0,eduroam,-93
03/12/2025 12:11:13,D0:4D:C6:F2:FE:10,eduroam,-92
03/12/2025 12:11:13,D0:4D:C6:F2:BC:50,eduroam,-87
03/12/2025 12:11:13,D0:4D:C6:F2:B9:B0,eduroam,-87
03/12/2025 12:11:13,1C:28:AF:62:B8:B0,eduroam,-85
03/12/2025 12:11:13,D0:4D:C6:F2:BC:40,eduroam,-79
03/12/2025 12:11:13,D0:4D:C6:F2:B9:A0,eduroam,-78
03/12/2025 12:11:13,D0:4D:C6:F2:F4:A0,eduroam,-74
03/12/2025 12:11:13,D0:4D:C6:F2:F4:B0,eduroam,-70
03/12/2025 12:11:13,D0:4D:C6:F2:A2:B0,eduroam,-93
03/12/2025 12:11:18,D0:4D:C6:F2:FE:10,eduroam,-92
03/12/2025 12:11:18,D0:4D:C6:F2:B9:B0,eduroam,-87
03/12/2025 12:11:18,D0:4D:C6:F2:BC:50,eduroam,-86
03/12/2025 12:11:18,1C:28:AF:62:B8:B0,eduroam,-84
03/12/2025 12:11:18,D0:4D:C6:F2:B9:A0,eduroam,-78
03/12/2025 12:11:18,D0:4D:C6:F2:F4:A0,eduroam,-72
03/12/2025 12:11:18,D0:4D:C6:F2:F4:B0,eduroam,-70
03/12/2025 12:11:18,D0:4D:C6:F2:A2:B0,eduroam,-94
03/12/2025 12:11:18,D0:4D:C6:F2:BC:40,eduroam,-79
03/12/2025 12:11:23,D0:4D:C6:F2:FE:10,eduroam,-92
03/12/2025 12:11:23,D0:4D:C6:F2:B9:B0,eduroam,-87
03/12/2025 12:11:23,D0:4D:C6:F2:BC:50,eduroam,-86
03/12/2025 12:11:23,1C:28:AF:62:B8:B0,eduroam,-84
03/12/2025 12:11:23,D0:4D:C6:F2:B9:A0,eduroam,-78
03/12/2025 12:11:23,D0:4D:C6:F2:F4:A0,eduroam,-75
03/12/2025 12:11:23,D0:4D:C6:F2:F4:B0,eduroam,-70
03/12/2025 12:11:23,D0:4D:C6:F2:A2:B0,eduroam,-92
03/12/2025 12:11:28,D0:4D:C6:F2:FE:10,eduroam,-92
03/12/2025 12:11:28,D0:4D:C6:F2:A2:B0,eduroam,-92
03/12/2025 12:11:28,D0:4D:C6:F2:B9:B0,eduroam,-87
03/12/2025 12:11:28,D0:4D:C6:F2:BC:50,eduroam,-86
03/12/2025 12:11:28,1C:28:AF:62:B8:B0,eduroam,-84
03/12/2025 12:11:28,D0:4D:C6:F2:B9:A0,eduroam,-77
03/12/2025 12:11:28,D0:4D:C6:F2:F4:A0,eduroam,-74
03/12/2025 12:11:28,D0:4D:C6:F2:F4:B0,eduroam,-71
03/12/2025 12:11:28,D0:4D:C6:F2:BC:40,eduroam,-79
03/12/2025 12:11:33,D0:4D:C6:F2:A2:B0,eduroam,-92
03/12/2025 12:11:33,D0:4D:C6:F2:BC:50,eduroam,-88
03/12/2025 12:11:33,D0:4D:C6:F2:B9:B0,eduroam,-87
03/12/2025 12:11:33,1C:28:AF:62:B8:B0,eduroam,-84
03/12/2025 12:11:33,D0:4D:C6:F2:B9:A0,eduroam,-76
03/12/2025 12:11:33,D0:4D:C6:F2:F4:A0,eduroam,-74
03/12/2025 12:11:33,D0:4D:C6:F2:F4:B0,eduroam,-71
03/12/2025 12:11:33,D0:4D:C6:F2:BC:40,eduroam,-78
03/12/2025 12:11:33,D0:4D:C6:F2:FE:10,eduroam,-92
03/12/2025 12:11:38,D0:4D:C6:F2:A2:B0,eduroam,-91
03/12/2025 12:11:38,D0:4D:C6:F2:B9:B0,eduroam,-88
03/12/2025 12:11:38,D0:4D:C6:F2:BC:50,eduroam,-87
03/12/2025 12:11:38,1C:28:AF:62:B8:B0,eduroam,-84
03/12/2025 12:11:38,D0:4D:C6:F2:BC:40,eduroam,-78
03/12/2025 12:11:38,D0:4D:C6:F2:B9:A0,eduroam,-76
03/12/2025 12:11:38,D0:4D:C6:F2:F4:A0,eduroam,-72
03/12/2025 12:11:38,D0:4D:C6:F2:F4:B0,eduroam,-71
03/12/2025 12:11:38,D0:4D:C6:F2:FE:10,eduroam,-92
03/12/2025 12:11:43,D0:4D:C6:F2:B9:B0,eduroam,-88
03/12/2025 12:11:43,D0:4D:C6:F2:BC:50,eduroam,-87
03/12/2025 12:11:43,1C:28:AF:62:B8:B0,eduroam,-84
03/12/2025 12:11:43,D0:4D:C6:F2:BC:40,eduroam,-78
03/12/2025 12:11:43,D0:4D:C6:F2:B9:A0,eduroam,-76
03/12/2025 12:11:43,D0:4D:C6:F2:F4:A0,eduroam,-74
03/12/2025 12:11:43,D0:4D:C6:F2:A2:B0,eduroam,-71
03/12/2025 12:11:43,D0:4D:C6:F2:F4:B0,eduroam,-71
03/12/2025 12:11:43,D0:4D:C6:F2:FE:10,eduroam,-92
03/12/2025 12:11:48,D0:4D:C6:F2:FE:10,eduroam,-92
03/12/2025 12:11:48,D0:4D:C6:F2:B9:B0,eduroam,-87
03/12/2025 12:11:48,D0:4D:C6:F2:BC:50,eduroam,-85
03/12/2025 12:11:48,D0:4D:C6:F2:BC:40,eduroam,-78
03/12/2025 12:11:48,D0:4D:C6:F2:B9:A0,eduroam,-76
03/12/2025 12:11:48,D0:4D:C6:F2:F4:A0,eduroam,-74
03/12/2025 12:11:48,D0:4D:C6:F2:F4:B0,eduroam,-70
03/12/2025 12:11:48,D0:4D:C6:F2:A2:B0,eduroam,-90
03/12/2025 12:11:48,1C:28:AF:62:B8:B0,eduroam,-84
03/12/2025 12:11:54,D0:4D:C6:F2:FE:10,eduroam,-94
03/12/2025 12:11:54,D0:4D:C6:F2:B9:B0,eduroam,-87
03/12/2025 12:11:54,D0:4D:C6:F2:BC:50,eduroam,-86
03/12/2025 12:11:54,D0:4D:C6:F2:BC:40,eduroam,-78
03/12/2025 12:11:54,D0:4D:C6:F2:B9:A0,eduroam,-76
03/12/2025 12:11:54,D0:4D:C6:F2:F4:A0,eduroam,-75
03/12/2025 12:11:54,D0:4D:C6:F2:F4:B0,eduroam,-70
03/12/2025 12:11:54,D0:4D:C6:F2:A2:B0,eduroam,-91
03/12/2025 12:11:59,D0:4D:C6:F2:FE:10,eduroam,-94
03/12/2025 12:11:59,D0:4D:C6:F2:BC:50,eduroam,-86
03/12/2025 12:11:59,D0:4D:C6:F2:B9:B0,eduroam,-86
03/12/2025 12:11:59,D0:4D:C6:F2:BC:40,eduroam,-78
03/12/2025 12:11:59,D0:4D:C6:F2:B9:A0,eduroam,-78
03/12/2025 12:11:59,D0:4D:C6:F2:F4:A0,eduroam,-74
03/12/2025 12:11:59,D0:4D:C6:F2:F4:B0,eduroam,-71
03/12/2025 12:11:59,D0:4D:C6:F2:A2:B0,eduroam,-91
03/12/2025 12:12:04,D0:4D:C6:F2:FE:10,eduroam,-94
03/12/2025 12:12:04,D0:4D:C6:F2:B9:B0,eduroam,-89
03/12/2025 12:12:04,D0:4D:C6:F2:BC:50,eduroam,-84
03/12/2025 12:12:04,D0:4D:C6:F2:B9:A0,eduroam,-78
03/12/2025 12:12:04,D0:4D:C6:F2:F4:A0,eduroam,-74
03/12/2025 12:12:04,D0:4D:C6:F2:F4:B0,eduroam,-71
03/12/2025 12:12:04,D0:4D:C6:F2:A2:B0,eduroam,-92
03/12/2025 12:12:04,D0:4D:C6:F2:BC:40,eduroam,-78
03/12/2025 12:12:09,D0:4D:C6:F2:FE:10,eduroam,-94
03/12/2025 12:12:09,D0:4D:C6:F2:B9:B0,eduroam,-88
03/12/2025 12:12:09,D0:4D:C6:F2:BC:50,eduroam,-87
03/12/2025 12:12:09,D0:4D:C6:F2:B9:A0,eduroam,-78
03/12/2025 12:12:09,D0:4D:C6:F2:F4:A0,eduroam,-74
03/12/2025 12:12:09,D0:4D:C6:F2:F4:B0,eduroam,-70
03/12/2025 12:12:09,D0:4D:C6:F2:A2:B0,eduroam,-91
03/12/2025 12:12:14,D0:4D:C6:F2:FE:10,eduroam,-94
03/12/2025 12:12:14,D0:4D:C6:F2:B9:B0,eduroam,-87
03/12/2025 12:12:14,D0:4D:C6:F2:B9:A0,eduroam,-80
03/12/2025 12:12:14,D0:4D:C6:F2:F4:A0,eduroam,-74
03/12/2025 12:12:14,D0:4D:C6:F2:BC:50,eduroam,-71
03/12/2025 12:12:14,D0:4D:C6:F2:F4:B0,eduroam,-70
03/12/2025 12:12:14,D0:4D:C6:F2:A2:B0,eduroam,-91
03/12/2025 12:12:19,D0:4D:C6:F2:FE:10,eduroam,-94
03/12/2025 12:12:19,D0:4D:C6:F2:A2:B0,eduroam,-91
03/12/2025 12:12:19,D0:4D:C6:F2:B9:B0,eduroam,-87
03/12/2025 12:12:19,D0:4D:C6:F2:BC:50,eduroam,-86
03/12/2025 12:12:19,D0:4D:C6:F2:B9:A0,eduroam,-77
03/12/2025 12:12:19,D0:4D:C6:F2:F4:A0,eduroam,-73
03/12/2025 12:12:19,D0:4D:C6:F2:F4:B0,eduroam,-71
03/12/2025 12:12:19,1C:28:AF:62:B8:B0,eduroam,-82
03/12/2025 12:12:24,D0:4D:C6:F2:FE:10,eduroam,-94
03/12/2025 12:12:24,D0:4D:C6:F2:A2:B0,eduroam,-91
03/12/2025 12:12:24,D0:4D:C6:F2:B9:B0,eduroam,-87
03/12/2025 12:12:24,D0:4D:C6:F2:BC:50,eduroam,-86
03/12/2025 12:12:24,D0:4D:C6:F2:B9:A0,eduroam,-77
03/12/2025 12:12:24,D0:4D:C6:F2:F4:A0,eduroam,-74
03/12/2025 12:12:24,D0:4D:C6:F2:F4:B0,eduroam,-70
03/12/2025 12:12:24,1C:28:AF:62:B8:B0,eduroam,-85
03/12/2025 12:12:29,D0:4D:C6:F2:FE:10,eduroam,-94
03/12/2025 12:12:29,D0:4D:C6:F2:A2:B0,eduroam,-91
03/12/2025 12:12:29,D0:4D:C6:F2:B9:B0,eduroam,-86
03/12/2025 12:12:29,D0:4D:C6:F2:BC:50,eduroam,-86
03/12/2025 12:12:29,D0:4D:C6:F2:BC:40,eduroam,-78
03/12/2025 12:12:29,D0:4D:C6:F2:B9:A0,eduroam,-77
03/12/2025 12:12:29,D0:4D:C6:F2:F4:A0,eduroam,-74
03/12/2025 12:12:29,D0:4D:C6:F2:F4:B0,eduroam,-71
03/12/2025 12:12:29,1C:28:AF:62:B8:B0,eduroam,-85
03/12/2025 12:12:34,D0:4D:C6:F2:A2:B0,eduroam,-91
03/12/2025 12:12:34,D0:4D:C6:F2:B9:B0,eduroam,-87
03/12/2025 12:12:34,D0:4D:C6:F2:BC:50,eduroam,-85
03/12/2025 12:12:34,D0:4D:C6:F2:B9:A0,eduroam,-79
03/12/2025 12:12:34,D0:4D:C6:F2:BC:40,eduroam,-78
03/12/2025 12:12:34,D0:4D:C6:F2:F4:A0,eduroam,-74
03/12/2025 12:12:34,D0:4D:C6:F2:F4:B0,eduroam,-70
03/12/2025 12:12:34,1C:28:AF:62:B8:B0,eduroam,-82
03/12/2025 12:12:34,D0:4D:C6:F2:FE:10,eduroam,-94
03/12/2025 12:12:40,D0:4D:C6:F2:A2:B0,eduroam,-92
03/12/2025 12:12:40,D0:4D:C6:F2:B9:B0,eduroam,-87
03/12/2025 12:12:40,D0:4D:C6:F2:BC:50,eduroam,-87
03/12/2025 12:12:40,D0:4D:C6:F2:B9:A0,eduroam,-78
03/12/2025 12:12:40,D0:4D:C6:F2:BC:40,eduroam,-78
03/12/2025 12:12:40,D0:4D:C6:F2:F4:A0,eduroam,-74
03/12/2025 12:12:40,D0:4D:C6:F2:F4:B0,eduroam,-70
03/12/2025 12:12:40,1C:28:AF:62:B8:B0,eduroam,-82
03/12/2025 12:12:45,D0:4D:C6:F2:A2:B0,eduroam,-90
03/12/2025 12:12:45,D0:4D:C6:F2:B9:B0,eduroam,-87
03/12/2025 12:12:45,D0:4D:C6:F2:BC:50,eduroam,-85
03/12/2025 12:12:45,D0:4D:C6:F2:B9:A0,eduroam,-78
03/12/2025 12:12:45,D0:4D:C6:F2:BC:40,eduroam,-78
03/12/2025 12:12:45,D0:4D:C6:F2:F4:A0,eduroam,-73
03/12/2025 12:12:45,D0:4D:C6:F2:F4:B0,eduroam,-71
03/12/2025 12:12:45,1C:28:AF:62:B8:B0,eduroam,-82
03/12/2025 12:12:50,D0:4D:C6:F2:A2:B0,eduroam,-94
03/12/2025 12:12:50,D0:4D:C6:F2:BC:50,eduroam,-86
03/12/2025 12:12:50,D0:4D:C6:F2:B9:B0,eduroam,-86
03/12/2025 12:12:50,D0:4D:C6:F2:B9:A0,eduroam,-79
03/12/2025 12:12:50,D0:4D:C6:F2:BC:40,eduroam,-78
03/12/2025 12:12:50,D0:4D:C6:F2:F4:A0,eduroam,-75
03/12/2025 12:12:50,D0:4D:C6:F2:F4:B0,eduroam,-70
03/12/2025 12:12:50,1C:28:AF:62:B8:B0,eduroam,-82
03/12/2025 12:12:55,D0:4D:C6:F2:A2:B0,eduroam,-92
03/12/2025 12:12:55,D0:4D:C6:F2:B9:B0,eduroam,-86
03/12/2025 12:12:55,D0:4D:C6:F2:BC:50,eduroam,-85
03/12/2025 12:12:55,D0:4D:C6:F2:B9:A0,eduroam,-79
03/12/2025 12:12:55,D0:4D:C6:F2:BC:40,eduroam,-78
03/12/2025 12:12:55,D0:4D:C6:F2:F4:A0,eduroam,-75
03/12/2025 12:12:55,D0:4D:C6:F2:F4:B0,eduroam,-70
03/12/2025 12:12:55,1C:28:AF:62:B8:B0,eduroam,-82
03/12/2025 12:13:00,D0:4D:C6:F2:B9:B0,eduroam,-86
03/12/2025 12:13:00,1C:28:AF:62:B8:B0,eduroam,-84
03/12/2025 12:13:00,D0:4D:C6:F2:BC:50,eduroam,-84
03/12/2025 12:13:00,D0:4D:C6:F2:B9:A0,eduroam,-78
03/12/2025 12:13:00,D0:4D:C6:F2:F4:A0,eduroam,-74
03/12/2025 12:13:00,D0:4D:C6:F2:F4:B0,eduroam,-71
03/12/2025 12:13:00,D0:4D:C6:F2:A2:B0,eduroam,-93
03/12/2025 12:13:00,D0:4D:C6:F2:BC:40,eduroam,-78
03/12/2025 12:13:05,D0:4D:C6:F2:B9:B0,eduroam,-87
03/12/2025 12:13:05,D0:4D:C6:F2:BC:50,eduroam,-85
03/12/2025 12:13:05,1C:28:AF:62:B8:B0,eduroam,-83
03/12/2025 12:13:05,D0:4D:C6:F2:B9:A0,eduroam,-78
03/12/2025 12:13:05,D0:4D:C6:F2:F4:A0,eduroam,-73
03/12/2025 12:13:05,D0:4D:C6:F2:F4:B0,eduroam,-70
03/12/2025 12:13:05,D0:4D:C6:F2:A2:B0,eduroam,-72
03/12/2025 12:13:10,D0:4D:C6:F2:A2:B0,eduroam,-92
03/12/2025 12:13:10,D0:4D:C6:F2:B9:B0,eduroam,-86
03/12/2025 12:13:10,D0:4D:C6:F2:BC:50,eduroam,-85
03/12/2025 12:13:10,1C:28:AF:62:B8:B0,eduroam,-83
03/12/2025 12:13:10,D0:4D:C6:F2:B9:A0,eduroam,-78
03/12/2025 12:13:10,D0:4D:C6:F2:F4:A0,eduroam,-76
03/12/2025 12:13:10,D0:4D:C6:F2:F4:B0,eduroam,-70
03/12/2025 12:13:10,D0:4D:C6:F2:FE:10,eduroam,-93
03/12/2025 12:13:15,D0:4D:C6:F2:A2:B0,eduroam,-91
03/12/2025 12:13:15,D0:4D:C6:F2:B9:B0,eduroam,-87
03/12/2025 12:13:15,D0:4D:C6:F2:BC:50,eduroam,-87
03/12/2025 12:13:15,1C:28:AF:62:B8:B0,eduroam,-82
03/12/2025 12:13:15,D0:4D:C6:F2:B9:A0,eduroam,-78
03/12/2025 12:13:15,D0:4D:C6:F2:F4:A0,eduroam,-74
03/12/2025 12:13:15,D0:4D:C6:F2:F4:B0,eduroam,-71
03/12/2025 12:13:15,D0:4D:C6:F2:FE:10,eduroam,-93
03/12/2025 12:13:21,D0:4D:C6:F2:FE:10,eduroam,-93
03/12/2025 12:13:21,D0:4D:C6:F2:A2:B0,eduroam,-91
03/12/2025 12:13:21,D0:4D:C6:F2:BC:50,eduroam,-85
03/12/2025 12:13:21,D0:4D:C6:F2:B9:B0,eduroam,-85
03/12/2025 12:13:21,1C:28:AF:62:B8:B0,eduroam,-84
03/12/2025 12:13:21,D0:4D:C6:F2:B9:A0,eduroam,-78
03/12/2025 12:13:21,D0:4D:C6:F2:F4:A0,eduroam,-74
03/12/2025 12:13:21,D0:4D:C6:F2:F4:B0,eduroam,-71
03/12/2025 12:13:21,D0:4D:C6:F2:BC:40,eduroam,-78
03/12/2025 12:13:26,D0:4D:C6:F2:FE:10,eduroam,-91
03/12/2025 12:13:26,D0:4D:C6:F2:A2:B0,eduroam,-91
03/12/2025 12:13:26,D0:4D:C6:F2:B9:B0,eduroam,-86
03/12/2025 12:13:26,D0:4D:C6:F2:BC:50,eduroam,-86
03/12/2025 12:13:26,1C:28:AF:62:B8:B0,eduroam,-84
03/12/2025 12:13:26,D0:4D:C6:F2:B9:A0,eduroam,-78
03/12/2025 12:13:26,D0:4D:C6:F2:F4:A0,eduroam,-74
03/12/2025 12:13:26,D0:4D:C6:F2:F4:B0,eduroam,-71
03/12/2025 12:13:26,D0:4D:C6:F2:BC:40,eduroam,-79
03/12/2025 12:13:31,D0:4D:C6:F2:FE:10,eduroam,-91
03/12/2025 12:13:31,D0:4D:C6:F2:A2:B0,eduroam,-91
03/12/2025 12:13:31,D0:4D:C6:F2:BC:50,eduroam,-86
03/12/2025 12:13:31,D0:4D:C6:F2:B9:B0,eduroam,-86
03/12/2025 12:13:31,1C:28:AF:62:B8:B0,eduroam,-84
03/12/2025 12:13:31,D0:4D:C6:F2:B9:A0,eduroam,-77
03/12/2025 12:13:31,D0:4D:C6:F2:F4:A0,eduroam,-73
03/12/2025 12:13:31,D0:4D:C6:F2:F4:B0,eduroam,-71
03/12/2025 12:13:31,D0:4D:C6:F2:BC:40,eduroam,-78
03/12/2025 12:13:36,D0:4D:C6:F2:FE:10,eduroam,-92
03/12/2025 12:13:36,D0:4D:C6:F2:A2:B0,eduroam,-91
03/12/2025 12:13:36,D0:4D:C6:F2:BC:50,eduroam,-87
03/12/2025 12:13:36,D0:4D:C6:F2:B9:B0,eduroam,-87
03/12/2025 12:13:36,1C:28:AF:62:B8:B0,eduroam,-84
03/12/2025 12:13:36,D0:4D:C6:F2:B9:A0,eduroam,-77
03/12/2025 12:13:36,D0:4D:C6:F2:F4:A0,eduroam,-75
03/12/2025 12:13:36,D0:4D:C6:F2:F4:B0,eduroam,-71
03/12/2025 12:13:36,D0:4D:C6:F2:BC:40,eduroam,-79
03/12/2025 12:13:41,D0:4D:C6:F2:FE:10,eduroam,-92
03/12/2025 12:13:41,D0:4D:C6:F2:A2:B0,eduroam,-90
03/12/2025 12:13:41,D0:4D:C6:F2:B9:B0,eduroam,-87
03/12/2025 12:13:41,1C:28:AF:62:B8:B0,eduroam,-83
03/12/2025 12:13:41,D0:4D:C6:F2:BC:50,eduroam,-82
03/12/2025 12:13:41,D0:4D:C6:F2:B9:A0,eduroam,-77
03/12/2025 12:13:41,D0:4D:C6:F2:F4:A0,eduroam,-74
03/12/2025 12:13:41,D0:4D:C6:F2:F4:B0,eduroam,-71
03/12/2025 12:13:41,D0:4D:C6:F2:BC:40,eduroam,-79
03/12/2025 12:13:46,D0:4D:C6:F2:FE:10,eduroam,-92
03/12/2025 12:13:46,D0:4D:C6:F2:A2:B0,eduroam,-91
03/12/2025 12:13:46,D0:4D:C6:F2:B9:B0,eduroam,-87
03/12/2025 12:13:46,D0:4D:C6:F2:BC:50,eduroam,-86
03/12/2025 12:13:46,1C:28:AF:62:B8:B0,eduroam,-84
03/12/2025 12:13:46,D0:4D:C6:F2:B9:A0,eduroam,-77
03/12/2025 12:13:46,D0:4D:C6:F2:F4:A0,eduroam,-75
03/12/2025 12:13:46,D0:4D:C6:F2:F4:B0,eduroam,-71
03/12/2025 12:13:46,D0:4D:C6:F2:BC:40,eduroam,-79
03/12/2025 12:13:51,D0:4D:C6:F2:FE:10,eduroam,-92
03/12/2025 12:13:51,D0:4D:C6:F2:A2:B0,eduroam,-90
03/12/2025 12:13:51,D0:4D:C6:F2:BC:50,eduroam,-88
03/12/2025 12:13:51,1C:28:AF:62:B8:B0,eduroam,-85
03/12/2025 12:13:51,D0:4D:C6:F2:B9:B0,eduroam,-85
03/12/2025 12:13:51,1C:28:AF:62:B8:A0,eduroam,-82
03/12/2025 12:13:51,D0:4D:C6:F2:B9:A0,eduroam,-77
03/12/2025 12:13:51,D0:4D:C6:F2:F4:A0,eduroam,-73
03/12/2025 12:13:51,D0:4D:C6:F2:F4:B0,eduroam,-70
03/12/2025 12:13:51,D0:4D:C6:F2:BC:40,eduroam,-79
03/12/2025 12:13:57,D0:4D:C6:F2:FE:10,eduroam,-92
03/12/2025 12:13:57,D0:4D:C6:F2:A2:B0,eduroam,-91
03/12/2025 12:13:57,D0:4D:C6:F2:BC:50,eduroam,-89
03/12/2025 12:13:57,D0:4D:C6:F2:B9:B0,eduroam,-86
03/12/2025 12:13:57,1C:28:AF:62:B8:B0,eduroam,-84
03/12/2025 12:13:57,1C:28:AF:62:B8:A0,eduroam,-82
03/12/2025 12:13:57,D0:4D:C6:F2:B9:A0,eduroam,-77
03/12/2025 12:13:57,D0:4D:C6:F2:F4:A0,eduroam,-76
03/12/2025 12:13:57,D0:4D:C6:F2:F4:B0,eduroam,-71
03/12/2025 12:13:57,D0:4D:C6:F2:BC:40,eduroam,-79
03/12/2025 12:14:02,D0:4D:C6:F2:FE:10,eduroam,-92
03/12/2025 12:14:02,D0:4D:C6:F2:A2:B0,eduroam,-91
03/12/2025 12:14:02,D0:4D:C6:F2:BC:50,eduroam,-87
03/12/2025 12:14:02,D0:4D:C6:F2:B9:B0,eduroam,-86
03/12/2025 12:14:02,1C:28:AF:62:B8:B0,eduroam,-85
03/12/2025 12:14:02,1C:28:AF:62:B8:A0,eduroam,-82
03/12/2025 12:14:02,D0:4D:C6:F2:BC:40,eduroam,-79
03/12/2025 12:14:02,D0:4D:C6:F2:B9:A0,eduroam,-77
03/12/2025 12:14:02,D0:4D:C6:F2:F4:A0,eduroam,-75
03/12/2025 12:14:02,D0:4D:C6:F2:F4:B0,eduroam,-71
03/12/2025 12:14:02,D0:4D:C6:F2:FE:00,eduroam,-85
03/12/2025 12:14:07,D0:4D:C6:F2:FE:10,eduroam,-93
03/12/2025 12:14:07,D0:4D:C6:F2:A2:B0,eduroam,-91
03/12/2025 12:14:07,D0:4D:C6:F2:BC:50,eduroam,-88
03/12/2025 12:14:07,D0:4D:C6:F2:B9:B0,eduroam,-86
03/12/2025 12:14:07,D0:4D:C6:F2:FE:00,eduroam,-85
03/12/2025 12:14:07,1C:28:AF:62:B8:A0,eduroam,-82
03/12/2025 12:14:07,1C:28:AF:62:B8:B0,eduroam,-81
03/12/2025 12:14:07,D0:4D:C6:F2:F4:A0,eduroam,-74
03/12/2025 12:14:07,D0:4D:C6:F2:F4:B0,eduroam,-72
03/12/2025 12:14:07,D0:4D:C6:F2:BC:40,eduroam,-79
03/12/2025 12:14:07,D0:4D:C6:F2:B9:A0,eduroam,-77
